-- phpMyAdmin SQL Dump
-- version 4.0.4
-- http://www.phpmyadmin.net
--
-- 主机: localhost
-- 生成日期: 2014 年 05 月 06 日 17:09
-- 服务器版本: 5.6.12-log
-- PHP 版本: 5.4.12

SET SQL_MODE = "NO_AUTO_VALUE_ON_ZERO";
SET time_zone = "+00:00";


/*!40101 SET @OLD_CHARACTER_SET_CLIENT=@@CHARACTER_SET_CLIENT */;
/*!40101 SET @OLD_CHARACTER_SET_RESULTS=@@CHARACTER_SET_RESULTS */;
/*!40101 SET @OLD_COLLATION_CONNECTION=@@COLLATION_CONNECTION */;
/*!40101 SET NAMES utf8 */;

--
-- 数据库: `xiaozhao`
--
CREATE DATABASE IF NOT EXISTS `xiaozhao` DEFAULT CHARACTER SET latin1 COLLATE latin1_swedish_ci;
USE `xiaozhao`;

-- --------------------------------------------------------

--
-- 表的结构 `think_admin`
--

CREATE TABLE IF NOT EXISTS `think_admin` (
  `aid` int(11) NOT NULL AUTO_INCREMENT,
  `password` varchar(200) CHARACTER SET utf8 NOT NULL,
  `realname` varchar(200) CHARACTER SET utf8 NOT NULL,
  `aname` varchar(200) NOT NULL,
  PRIMARY KEY (`aid`)
) ENGINE=InnoDB  DEFAULT CHARSET=latin1 AUTO_INCREMENT=2 ;

--
-- 转存表中的数据 `think_admin`
--

INSERT INTO `think_admin` (`aid`, `password`, `realname`, `aname`) VALUES
(1, '6f52bf637ea4c6c893aec790bed749b3', '肖宇', 'xiaoyu_11331331');

-- --------------------------------------------------------

--
-- 表的结构 `think_company`
--

CREATE TABLE IF NOT EXISTS `think_company` (
  `cid` int(11) NOT NULL AUTO_INCREMENT,
  `username` varchar(200) CHARACTER SET utf8 NOT NULL,
  `password` varchar(200) CHARACTER SET utf8 NOT NULL,
  `name` varchar(200) CHARACTER SET utf8 NOT NULL,
  `kind` varchar(200) CHARACTER SET utf8 NOT NULL,
  `size` varchar(200) CHARACTER SET utf8 NOT NULL,
  `connect` varchar(200) CHARACTER SET utf8 NOT NULL,
  `connectman` varchar(200) CHARACTER SET utf8 NOT NULL,
  `create_time` date NOT NULL,
  `times` int(11) NOT NULL,
  `status` int(11) NOT NULL,
  `statement` varchar(3000) CHARACTER SET utf8 NOT NULL,
  `avtor` varchar(200) CHARACTER SET utf8 NOT NULL,
  PRIMARY KEY (`cid`)
) ENGINE=InnoDB  DEFAULT CHARSET=latin1 AUTO_INCREMENT=19 ;

--
-- 转存表中的数据 `think_company`
--

INSERT INTO `think_company` (`cid`, `username`, `password`, `name`, `kind`, `size`, `connect`, `connectman`, `create_time`, `times`, `status`, `statement`, `avtor`) VALUES
(4, '广州捷游', '42a1376a415954c79497d2b5494aec25', '广州捷游软件有限公司', '私人企业', '300人以上', '020-85554869', '曾彩虹', '2014-03-15', 24, 1, '<pre>\n<strong>广州捷游2014届校园招聘（春季补招）</strong></pre>\n\n<pre>\n广州捷游2014届校园招聘春季补招已全面启动，还有少量补招岗位等着你来！ \n</pre>\n\n<p align="left">&nbsp;&nbsp; 亲爱的同学们，相信这一份offer将成为你实现梦想的起点吗？相信这一份工作将成为你每天醒来的动力吗？相信这一份事业将让你为之奋斗终身吗？我们自信，捷游将给你这一切！</p>\n\n<p align="left">加入捷游吧，相信我们！你将跻身高速发展的网络游戏行业，体验捷游引领行业发展的快感！你将与我们共同开发受亿万玩家追捧的游戏大作，成为国内游戏领军企业的一员！你将见证捷游走出中国，走向世界！</p>\n\n<p align="left">加入捷游吧，相信我们！你只需面对最简单的人际关系，不再为职场发展而烦恼！你只需全身心的投入你所擅长的专业领域，比同龄人更快脱颖而出！你只需时刻做好准备担当大任，我们会放手让你接触最核心和技术和业务！</p>\n\n<p align="left">加入捷游吧，相信我们！你会在捷游看到刚毕业，就开发出过亿商业价值产品的师兄师姐！你会在捷游看到奋斗两三年，成为项目资深策划、技术大牛、产品精英的前辈！你会在捷游看到奋斗五年，成为游戏制作人、技术专家、职业经理人的未来！</p>\n\n<p align="left">加入捷游吧，相信我们！选择大于努力！你将亲眼见证一个公司的发展壮大，成为了它的栋梁！你将保持一颗年轻而充满激情的心走在未来的路上，摆脱&ldquo;柴米油盐、上班打工&rdquo;平淡如水的生活！你将发现，你的梦想正在一步步实现！</p>\n\n<p align="left">加入捷游吧，相信我们！Game with us，Fight with us！</p>\n\n<pre>\n\n&nbsp;</pre>\n\n<pre>\nl&nbsp; <strong>关于捷游：</strong></pre>\n\n<pre>\n\n&nbsp;</pre>\n\n<p>广州捷游软件有限公司，forgame集团成员。捷游的核心团队自2008年以来一直专注于网页游戏精品研发及运营工作，并全面进军手机游戏和客户端游戏领域，致力于打造全球一流的游戏研发平台。五年来，捷游在互联网领域中逐步发展壮大，不断地为玩家提供超出预期的高品质游戏产品，创造了一个又一个的页游奇迹。目前广州捷游已成为国内拥有一流制作人最多、研发实力最强的网页游戏公司之一。</p>\n\n<p>2013年10月3日，forgame集团成功在香港联合交易所主板挂牌上市，打破多项互联网公司的上市记录，屹立于云端游戏市场。这是捷游发展历程上极具意义的一个里程碑！</p>\n\n<p>&nbsp;</p>\n\n<p>捷游团队</p>\n\n<p align="left">公司目前在职人数500余人，正处在企业高速发展期。捷游是一个年轻而充满活力的团队，员工平均年龄26岁；捷游更是一个高素质的团队，80%以上的员工具备本科及以上学历。</p>\n\n<p align="left">经过近几年的发展，公司聚集了一大批优秀的团队成员。他们拥有强大的技术能力、丰富的开发经验、富有创意的游戏设计能力、对于市场有着深刻的理解，对于游戏有着共同的热情和理想。</p>\n\n<p align="left">公司非常注重内部员工的培养和提拔，尤其是应届生的培养：众多来自于国内外重点院校本科生和硕士研究生，经过项目实战的历练，成长迅速，在自己的岗位上发挥应有的作用，并为公司打下坚实的人才基础。</p>\n\n<p align="left">&nbsp;</p>\n\n<p>发展战略</p>\n\n<p align="left">&nbsp;&nbsp; 立足网页游戏，打造一流的互联网公司，是捷游未来发展的愿景和使命。高瞻远瞩，超前视野，是捷游成功发展的重要战略因素。</p>\n\n<p align="left">2013年度，捷游成功制订全方位的游戏研发战略，成立页游研发事业部、手机游戏研发事业部、客户端游戏事业部，同时进军手机游戏和3D客户端游戏市场。捷游追求卓越的心永无止境，为成为全球一流的游戏领航企业超越一座又一座高峰！</p>\n', 'Common/img/CompanyAvtor/533303e31cd0d.jpg'),
(7, '南方海岸', '59ccb15a73c2b37bb36e82fa62328e3e', '广州南方海岸科技服务有限公司', '私人企业', '100-300人', '020-89335200', '徐敏婷', '2014-03-19', 0, 1, '<p>&nbsp;广东南方海岸科技服务有限公司（以下简称：南方海岸公司）成立于2001 年，是国家规划布局内重点软件企业、国家火炬计划重点高新技术企业、我国军队通信信息化建设最大的整机设备供应商之一的广州海格通信集团（股票代码：002465）的重要成员企业，拥有电子认证、通关业务和传输、电信经营许可等多方面资源优势，经营范围以电子通信和信息产业为主。多年来，南方海岸公司坚持以服务政府部门与企业关联业务为核心，在车/船调度系统软件开发应用、信息化平台建设、系统集成软件开发等方面具有丰富的经验和创新、研发能力。被相关部门认定为&ldquo;高新技术企业&rdquo;、&ldquo;软件企业&rdquo;，并通过了ISO9001 质量管理体系、计算机信息系统集成资质等认证。经过多年的努力，我公司已建立与海关、边检、检验检疫、港口、企业等单位的友好合作，目前已在粤、桂、闽、琼、浙五省229 个口岸海关监管码头及对应的出入境边检站、境内外500 多家航运企业部署系统应用。</p>\n\n<p>南方海岸公司参与建设的系统工程主要包括:《中国互动报关服务平台》、《来往港澳小型船舶快速通关系统》、《海南洋浦保税港区信息平台》、《船舶指挥调度系统》、《多方对讲精确定位系统》、《口岸船舶监管系统》、《船舶网上报检系统》及车/船定位终端等；其中，《来往港澳小型船舶快速通关系统》荣获广东省人民政府颁发的2005 年度&ldquo;广东省科学技术奖励二等奖&rdquo;。</p>\n\n<p>我们注重企业文化建设和员工素质的提高，积极创建学习型企业。同时，还建立了一整套科学、合理、严密的决策组织和管理体系，各部门分工合理、相互协作，权责明晰。严格按照ISO 质量管理体系要求制定了软件技术开发规范及项目管理规范。</p>\n\n<p>南方海岸公司非常注重对客户的服务质量及工作效率，专门设置了7 &times;24 小时值班中心和工程维修站，设立多条服务专线为用户提供快速及时的售前、售后及咨询服务，随时为客户排忧解难，与此同时还提供工程项目建设售后服务和本地化跟踪服务。</p>\n\n<p>我们以热情的服务态度、高效的服务流程、完善的服务网络、齐全的服务功能、精干的服务队伍为广大客户提供安全、优质、快捷的综合服务。</p>\n', 'Common/img/CompanyAvtor/5333043629584.jpg'),
(8, '广州明朝', 'ee8d44c7691940eb500e8f11024a1e84', '广州明朝信息技术有限公司', '私人企业', '300人以上', '13710327645', '林如和', '2014-03-19', 16, 1, '<p><strong>公司简介</strong></p>\n\n<p>广州明朝，国内游戏行业先行者，是一家拥有自主知识产权的高新技术企业。自2008年成立之初就秉承&quot;玩家需求至上，用户体验至上&quot;的研发理念，做到&quot;从底层关注用户体验；在规则范围内，珍惜每一位玩家&quot;。</p>\n\n<p>明朝努力于不断打破现状，矢志寻找更好的游戏设计方法，创立至今已推出多款备受好评的作品。包括《明朝时代》、《明朝传奇》、《仙落凡尘》、《六界仙尊》、《太古遮天》、《明朝江湖》等多款在页游市场获得巨大影响力的游戏产品。</p>\n\n<p>在追求最先进的游戏设计理念的同时，我们也同样关注游戏运营和商务发展。明朝产品一直保持年收入过亿的商业价值，目前已和国内外近200家优秀的运营商及平台达成合作，并将产品推广到了港澳台、新马、越南、北美等多个海外区域。</p>\n\n<p>我们始终着眼于未来，不断关注人才成长，保持公司和人才竞争力的同步提升。明朝公司由最初不到10人的小团队发展壮大为目前200人规模的互联网科技公司，在吸纳众多专业人才的同时，我们还非常注重对员工的长期培养和共同成长，矢志于让员工发挥最大的潜能，并全力打造一个积极、高效、开放、稳健的研发运营团队，实现个人价值与公司价值的共赢。</p>\n\n<p>如今，明朝在乘风破浪的同时，并未松懈。</p>\n\n<p>我们将永远以创业者的心态，敢于突破现状，精益求精，坚决地行进在&quot;精品游戏&quot;的路线上，立足网页游戏，进军手机游戏和3D游戏市场，为广大玩家呈现更多更优秀的游戏作品。</p>\n\n<p>&nbsp;</p>\n\n<p><strong>企业文化</strong></p>\n\n<p>愿景：推动游戏成为优秀的文化载体，做一个受社会尊敬的游戏企业。</p>\n\n<p>使命：通过游戏传播中国文化，不断提高人们的精神文化生活品质。</p>\n\n<p>核心价值观：简单的事情重复做，重复的事情细心做；谦恭谨慎，知行合一。</p>\n\n<p>人才理念：创造一个开放的平台，让每一位员工发挥自己最大的潜能。</p>\n', 'Common/img/CompanyAvtor/5332cefc2da24.png'),
(9, '广州菲音', 'ace08fb715fe222f127cd4214eec741a', '广州菲音信息科技有限公司', '民营企业', '300人以上', '美术职位请将简历及作品发送至邮箱：art@gzfeiyin.com    ； 其他职位请将简历与作品发送至邮箱：zhaopin@gzfeiyin.com', '', '2014-03-19', 36, 1, '<p>广州菲音信息科技有限公司，隶属forgame集团旗下公司，是国内最大的集研发与运营一体的网页游戏公司之一。</p>\n\n<p>公司于2004年成立，2008年开始专注网页游戏的研发，致力于打造高端精品网页游戏，目前团队扩展到近800人。经过近十年的发展，菲音取得了令人瞩目的成就：</p>\n\n<p>菲音已发展成为中国最领先的页游研发品牌之一！</p>\n\n<p>菲音从09年起连续推出10余款页游大作！</p>\n\n<p>菲音拥有月流水千万级的金牌制作人6名！</p>\n\n<p>菲音是Forgame集团的核心成员！</p>\n', 'Common/img/CompanyAvtor/5332cf6919f12.png'),
(10, '银汉科技', 'd1e2226efca732789de98b6966207208', '广州银汉科技有限公司', '私人企业', '300-500人', '020-85562666', '邱小姐', '2014-03-19', 9, 1, '<div class="ui-title-1" style="padding-bottom: 0px; widows: 2; text-transform: none; background-color: rgb(245,245,245); text-indent: 0px; margin: 0px 0px 10px; padding-left: 0px; width: 980px; padding-right: 0px; font: 100 16px/22px 微软雅黑, 宋体; white-space: normal; orphans: 2; letter-spacing: normal; color: rgb(0,0,0); overflow: hidden; word-spacing: 0px; padding-top: 0px; -webkit-text-size-adjust: auto; -webkit-text-stroke-width: 0px">\n<h2 style="padding-bottom: 0px; line-height: 36px; margin: 0px; padding-left: 0px; padding-right: 0px; color: rgb(47,80,113); font-size: 25px; font-weight: 100; padding-top: 0px">从相识到相知，一起成长，一起进步。</h2>\n</div>\n\n<ul class="ui-corp-list" style="padding-bottom: 0px; widows: 2; text-transform: none; background-color: rgb(245,245,245); list-style-type: none; text-indent: 0px; margin: 0px; padding-left: 0px; width: 980px; padding-right: 0px; font: 100 16px/24px 微软雅黑; white-space: normal; orphans: 2; letter-spacing: normal; color: rgb(0,0,0); list-style-image: none; word-spacing: 0px; padding-top: 0px; -webkit-text-size-adjust: auto; -webkit-text-stroke-width: 0px">\n	<li style="border-bottom: rgb(227,227,227) 1px solid; padding-bottom: 5px; list-style-type: none; margin: 10px 0px 0px; padding-left: 0px; width: 980px; padding-right: 0px; float: left; overflow: hidden; list-style-image: none; padding-top: 0px">\n	<div class="corp-content mark1" style="padding-bottom: 0px; background-color: rgb(9,167,232); margin: 0px; padding-left: 190px; width: auto; padding-right: 0px; float: left; overflow: hidden; padding-top: 0px">\n	<div class="corp-mark" style="position: relative; padding-bottom: 0px; margin: 0px 0px 0px -190px; padding-left: 0px; width: 190px; padding-right: 0px; display: inline; font: 100 14px/24px 微软雅黑; float: left; height: 200px; overflow: hidden; padding-top: 0px">\n	<h3 style="padding-bottom: 0px; line-height: 32px; margin: 6px 0px 0px 8px; padding-left: 0px; padding-right: 0px; color: rgb(255,255,255); font-size: 24px; font-weight: 100; padding-top: 0px">开始<br />\n	Start</h3>\n	</div>\n\n	<div class="corp-text" style="padding-bottom: 5px; line-height: 24px; background-color: rgb(245,245,245); margin: 0px; min-height: 200px; padding-left: 20px; width: 765px; padding-right: 0px; color: rgb(0,0,0); overflow: visible; padding-top: 5px">\n	<p style="padding-bottom: 0px; margin: 0px; padding-left: 0px; padding-right: 0px; padding-top: 0px">&nbsp;</p>\n\n	<p style="padding-bottom: 0px; margin: 0px; padding-left: 0px; padding-right: 0px; padding-top: 0px">广州银汉科技有限公司成立于2001年，是中国最早专注于提供移动增值服务和移动网络游戏开发与运营服务的企业之一。自成立以来，在移动网络由2G演进至3G、手机由功能机升级到智能机的时代浪潮中，银汉亲历中国移动网游在短信游戏的基础上，以WAP网页游戏为起点，从KJAVA移动网游逐步发展到智能终端移动网游的完整变迁历程，依靠强大的策划、研发与运营实力，在MMORPG移动网游、在线互动KJAVA游戏和WAP网页游戏等业务领域始终保持业界领先地位，一直深受同行推崇。<br />\n	<br />\n	银汉十多年来诚意出品了《天地剑心》、《幻想西游》、《幻想武林》、《西游Online》、《梦回西游》等多款热门游戏产品，深受玩家好评。2013年以来，银汉凭借填补市场空白的横版格斗类智能终端移动网游《时空猎人》，跻身单款产品月营收过亿级别的移动网游公司。<br />\n	<br />\n	目前银汉系列游戏的总注册用户逾亿人，拥有数千万的活跃用户。经过行业发展的洗礼，和业务历史的沉淀，银汉已成为中国领先的移动网络游戏企业之一。</p>\n	</div>\n	</div>\n	</li', 'Common/img/CompanyAvtor/5332e2ecf3ec8.jpg'),
(11, '掌淘网络', '8981acb8342d90f455c6fc36e8b8d1d8', '广州掌淘网络科技有限公司', '私人企业', '10-50人', '13828408700', '邹小姐', '2014-03-19', 0, 1, '<p>&nbsp;&nbsp; ShareSDK于2013年1月16日正式推出，是国内最大的APP内分享服务提供商，让APP瞬间拥有强大分享功能，截止8月底，ShareSDK已经为超过10000APP开发者提供服务。</p>\n\n<p>ShareSDK是为iOS、Android、WP8 的APP提供社会化功能的一个组件，开发者仅需10分钟即可集成到自己的APP中，它不仅支持包括QQ、微信、新浪微博、腾讯微博、开心网、人人网、豆瓣、网易微博、搜狐微博、facebook、twitter、google+等国内外40多家的主流社交平台，帮助开发者轻松实现社会化分享、登录、关注、获得用户资料、获取好友列表等主流的社会化功能，还有强大的社会化统计分析管理后台，可以实时了解用户、信息流、回流率、传播效率等数据，有效地指导移动APP的日常运营与推广，同时为APP引入更多的社会化流量。</p>\n\n<p>目前越来越多的APP使用ShareSDK，通过社会化分享每天获得的新用户超过10000/天。</p>\n\n<p>ShareSDK适用于各种类型的APP，诸如旅游攻略、多米音乐、凤凰视频、墨迹相机、小恩爱、36kr、空气质量指数、遨游云浏览器、英语流利说、人人猎头、百度音乐HD等。其中游戏类如飞刀、一闯到底、疯狂猜成语、博雅台球、粉果粉碎传奇、超级经纪人、可可换装3D等。</p>\n\n<p>&nbsp;</p>\n\n<p>2013年1月16日ShareSDK for iOS正式发布。</p>\n\n<p>2013年3月18日ShareSDK for Android版正式发布。</p>\n\n<p>2013年7月已获得深创投千万级A轮融资。</p>\n\n<p>2013年8月ShareSDK APP开发者用户已超1万。</p>\n', 'Common/img/CompanyAvtor/5332cf45d5c99.png'),
(12, '爱游信息', '298b821a44e0c695e8873c9ead163fb6', '广州爱游信息科技有限公司（4399）', '私人企业', '300人以上', '15876532258', '许小姐', '2014-03-19', 0, 1, '<p>2004年，业界知名天使投资人蔡文胜和知名互联网产品人、hao123创始人李兴平共同创办4399游戏。 经过数年发展，4399已经是集游戏自主研发、游戏平台运营以及游戏行业软件研发于一身的游戏行业翘楚，业务领域涵盖网页游戏、手机游戏、客户端游戏、Flash游戏以及社区游戏等。公司总部位于美丽的海滨城市厦门，在广州、北京设分公司，并在韩国、日本设有海外子公司。</p>\n\n<p>公司立足于中国网络文化创意产业大局，以为用户创作绿色、健康、便捷的网络娱乐产品为己任，本着&ldquo;将简单做到极致&rdquo;的产品理念，致力于打造网络娱乐行业内知名的健康文化品牌。</p>\n\n<p>4399团队年轻、富有激情，4399人都简单、务实，喜欢快速、创新的互联网文化，平等、分享的工作氛围；充分享受产品思维与技术思维的碰撞所带来的共同成长。</p>\n\n<p>&nbsp;</p>\n\n<p><strong>我们的荣耀</strong></p>\n\n<p>4399， &ldquo;2013年度中国互联网100强TOP16&rdquo;</p>\n\n<p>4399， &ldquo;十大网页游戏运营平台&rdquo;</p>\n\n<p>4399， &ldquo;百度搜索风云榜网页游戏平台No.1</p>\n\n<p>4399， &ldquo;Google TOP10中文互联网品牌&rdquo;</p>\n\n<p>4399， &ldquo;超过5亿注册量的游戏玩家平台&rdquo;</p>\n\n<p>&nbsp;</p>\n\n<p><strong>我们的愿景</strong></p>\n\n<p>为有梦想、有追求的年轻人提供一个共同创业的平台，共同进步，共享成果；成为移动互联网时代中国最具潜力和影响力的专业网络游戏研发与运营平台。</p>\n\n<p>&nbsp;</p>\n\n<p><strong>部分代表作</strong></p>\n\n<p>《神将三国》&ldquo;十大风云网页游戏奖&rdquo;</p>\n\n<p>《神魔仙界》&ldquo;2012年中国最具价值网页游戏奖&rdquo;</p>\n\n<p>《神魔遮天》&ldquo;中国国际软件博览会网页游戏创新奖&rdquo;</p>\n\n<p>《卡布西游》&ldquo;CGDA大赛FLASH游戏最具创意奖&rdquo;</p>\n\n<p>《冒险契约》 《天行剑》 《造梦西游Ⅲ》等等</p>\n\n<p>更多产品，请访问&nbsp;<a href="http://web.4399.com/" target="_blank">http://web.4399.com/</a>。</p>\n', 'Common/img/CompanyAvtor/5332cd1783ed7.png'),
(13, '珠海网博', '32b07abae1f83c5f5c3c1fb193696779', '珠海网博信息科技有限公司', '', '', '18666131005', '熊英', '2014-03-19', 0, 1, '<p>20世纪末，作为一种有效的信息传播载体，Internet在中国得到蓬勃发展，同时，我们意识到不受限制的传播将对社会带来的巨大风险和危害。珠海网博信息科技有限公司自成立以来，以专有技术立足，以专业服务为本，凭借准确的市场定位、对互联网信息内容安全市场高度的专注以及在技术上的巨大投入，迅速发展成为国内主流的互联网信息内容安全解决方案和专业服务领导厂商。</p>\n\n<p>经过数年潜心发展，公司已拥有从操作系统、产品核心到产品应用、市场推广等一大批有远见、有能力、有经验的高科技人才。多年来，我们一直秉承&ldquo;成为互联网信息内容安全领域的国内领导厂商,为互联网的健康发展保驾护航&rdquo;的目标。迄今为止，已成功的开发出具有完全自主知识产权的各项软硬件产品多项，成功为全国公安、教育、金融、各类企业客户、家庭用户等提供了整体解决方案和全方位的服务，取得了巨大的社会效益和经济效益。</p>\n\n<p>公司正值高速发展的时期，需要大批有能力、有抱负、有理想的人才加盟。我们将为您提供学习成长的机会，发展的空间，和有竞争力的报酬，并将成为您职业发展规划中最重要的起点和亮点。如果您有才华需要施展、您有理想需要实现，而互联网信息行业又是您发展的方向，请加入我们的团队。</p>\n', 'Common/img/CompanyAvtor/5333045c6e4b1.jpg'),
(16, '广州酷狗', '6a0fcdd36238aa4e9eb765eaae11629a', '广州酷狗计算机科技有限公司', '私人企业', '800以上', '020-85559005', '李加强/招聘经理', '2014-03-25', 20, 1, '<p>酷狗音乐（http://www.kugou.com）是中国最大最全的正版音乐平台，是中国领先的数字音乐交互服务提供商，互联网技术创新的领军企业，致力于为互联网用户和数字音乐产业发展提供最佳的解决方案，公司的使命是成为亚太地区最大的数字音乐销售推广企业。</p>\n\n<p>酷狗自创建以来，一直在数字音乐发展上大胆尝试，在推动更广范围内的跨行业、跨平台合作上做出努力，在全球音乐数字化进程中作出自身的贡献。</p>\n\n<p>在技术推动领域上，公司创造了多项国际领先的技术，先进的共享交互网络、数据传输方案、高效的分布式无集中化搜索、全球唯一歌曲识别技术、精确动感卡拉OK歌词功能及音乐推荐管理系统等更是填补了国内技术空白，引领新一代互联网络构架技术的发展。</p>\n\n<p>&nbsp;</p>\n\n<p>KuGou提供的优质产品和服务已经成为华人年轻用户最受欢迎的互联网产品之一，提供的服务包括有DIY的个人数字专辑、引领资讯潮流的酷狗娱乐、全天候在线直播的音乐电台以及手机音乐播放器等，资讯、视听、互动，使用户能够在KuGou里享受到一体化的娱乐服务。酷狗科技非常重视与业界的合作发展，与国内外多家知名品牌企业、机构如雅虎、新浪、Ebay、Benq、滚石、R2G等建立了良好的合作关系。</p>\n', 'Common/img/CompanyAvtor/5333041636d7f.jpg'),
(17, '乐趣科技HR', '70c9005f88b1612a7cc75c198e39262f', '珠海乐趣科技有限公司', '私人企业', '50-100人', 'hr@funova.com', '呙（guo）小姐', '2014-03-25', 0, 1, '<p><span style="color: rgb(126, 121, 124); font-family: SimSun, Arial; font-size: 13px; line-height: 25px; orphans: 2; widows: 2;">珠海乐趣科技有限公司(Zhuhai FunovaGame Technology Co.,LTD)由金山和腾讯前精英人员组建的创业型网络游戏研发公司，成立于2011年初，是一家年轻充满朝气和战斗力的公司，致力于差异化的网页游戏和移动游戏产品的研发。团队成员40人，研发了系列游戏产品，目前主打产品《枪魂》是一款实时战斗的融合RPG元素的射击类型的僵尸题材的网页游戏，市场反映热烈，获得运营商、用户的广泛认可。 2014年，乐趣科技将坚持产品理念，即将发布《枪魂》海外版、《枪魂II》页游版及《枪魂》手游版</span><br style="color: rgb(126, 121, 124); font-family: SimSun, Arial; font-size: 13px; line-height: 25px; orphans: 2; widows: 2;" />\n<span style="color: rgb(126, 121, 124); font-family: SimSun, Arial; font-size: 13px; line-height: 25px; orphans: 2; widows: 2;">我们可以提供有竞争力的待遇和快乐、有成就感的工作氛围。希望有识之士一起加盟随同公司一起成长，实现理想</span><br style="color: rgb(126, 121, 124); font-family: SimSun, Arial; font-size: 13px; line-height: 25px; orphans: 2; widows: 2;" />\n<br style="color: rgb(126, 121, 124); font-family: SimSun, Arial; font-size: 13px; line-height: 25px; orphans: 2; widows: 2;" />\n<strong style="color: rgb(126, 121, 124); font-family: SimSun, Arial; font-size: 13px; line-height: 25px; orphans: 2; widows: 2;">公司愿景</strong><br style="color: rgb(126, 121, 124); font-family: SimSun, Arial; font-size: 13px; line-height: 25px; orphans: 2; widows: 2;" />\n<br style="color: rgb(126, 121, 124); font-family: SimSun, Arial; font-size: 13px; line-height: 25px; orphans: 2; widows: 2;" />\n<span style="color: rgb(126, 121, 124); font-family: SimSun, Arial; font-size: 13px; line-height: 25px; orphans: 2; widows: 2;"> 跨PC和手持设备的互动娱乐类容提供商&nbsp;</span><br style="color: rgb(126, 121, 124); font-family: SimSun, Arial; font-size: 13px; line-height: 25px; orphans: 2; widows: 2;" />\n<span style="color: rgb(126, 121, 124); font-family: SimSun, Arial; font-size: 13px; line-height: 25px; orphans: 2; widows: 2;"> 做与众不同的最有趣的产品</span><br style="color: rgb(126, 121, 124); font-family: SimSun, Arial; font-size: 13px; line-height: 25px; orphans: 2; widows: 2;" />\n<span style="color: rgb(126, 121, 124); font-family: SimSun, Arial; font-size: 13px; line-height: 25px; orphans: 2; widows: 2;"> 快乐简单充满活力的公司&nbsp;</span></p>\n\n<p><span style="color: rgb(126, 121, 124); font-family: SimSun, Arial; font-size: 13px; line-height: 25px; orphans: 2; widows: 2;">成功代表作：</span></p>\n\n<p><span style="color: rgb(126, 121, 124); font-family: SimSun, Arial; font-size: 13px; line-height: 25px; orphans: 2; widows: 2;">《枪魂》 是一款实时战斗的融合RPG元素的射击类型的生化危机题材的网页游戏运营平台：http://qh.91wan.com/,从收入规模，注册人数，开服数量上看都位列一线页游产品行列。</span><br style="color: rgb(126, 121, 124); font-family: SimSun, Arial; font-size: 13px; line-height: 25px; orphans: 2; widows: 2;" />\n<span style="color: rgb(126, 121, 124); font-family: SimSun, Arial; font-size: 13px; line-height: 25px; orphans: 2; widows: 2;">《魔幻王国》：是一款半实时战斗的融合RPG元素的西方魔幻题材的基于SNS的策略游戏；运营平台：QQ空间 。</span></p>\n', 'Common/img/CompanyAvtor/53316df3579c0.jpg'),
(18, '力港科技', 'a5bfdff28d6ed64a03667e19ac278131', '力港网络科技有限公司', '私人企业', '300人以上', '020-87027147', '孙秋椰', '2014-03-26', 6, 1, '<p>力港网络科技有限公司（以下简称&ldquo;力港科技&rdquo;） 由广州市希力电子科技有限公司（2013年福布斯中国潜力非上市公司100强第2名）独资，于2009年2月在桂林注册成立，经营范围是利用互联网经营游戏产品（含网络游戏虚拟货币发行）、网络游戏研发、信息服务及其他网络服务；是广西首家也是广西最大的动漫游戏研发及运营企业。产品涵盖PC客户端版、手机版、网页版、单机版多个领域，其中自主研发的客户端游戏《老K游戏》平台包含原创正版全球首发的《捕鱼达人》、《梦红楼online》、《猎虫行动》等。《老K手游中心》业已推出《捕鱼达人》、《大侠穿越了》、《下班斗地主》等风靡游戏。</p>\n\n<p>&nbsp;</p>\n\n<p>老K游戏</p>\n\n<p>老K拥有国家级：&ldquo;国家火炬计划重点高新技术企业&rdquo;</p>\n\n<p>老K已进入第七届中国手机游戏研发企业50强&rdquo;</p>\n\n<p>老K获得2013年度中国动漫游戏行业最高奖项金手指奖</p>\n\n<p>老K由最初成立时仅12人，现已拥有300多人的核心团队</p>\n\n<p>&nbsp;</p>\n\n<p>招聘邮箱：&nbsp;sealyhr03@yeah.net&nbsp;（请将作品及简历发到该邮箱）</p>\n\n<p>公司网址：www.lkgame.com</p>\n', 'Common/img/CompanyAvtor/default.jpg');

-- --------------------------------------------------------

--
-- 表的结构 `think_cphoto`
--

CREATE TABLE IF NOT EXISTS `think_cphoto` (
  `cpid` int(11) NOT NULL AUTO_INCREMENT,
  `cid` int(11) NOT NULL,
  `image_path` varchar(200) CHARACTER SET utf8 NOT NULL,
  `statement` varchar(200) CHARACTER SET utf8 NOT NULL,
  PRIMARY KEY (`cpid`)
) ENGINE=InnoDB  DEFAULT CHARSET=latin1 AUTO_INCREMENT=23 ;

--
-- 转存表中的数据 `think_cphoto`
--

INSERT INTO `think_cphoto` (`cpid`, `cid`, `image_path`, `statement`) VALUES
(13, 4, 'Common/img/CompanyAuth/532ed38fd765c.jpg', '等待更新'),
(14, 7, 'Common/img/CompanyAuth/532ed4b436ccb.JPG', '等待更新'),
(15, 8, 'Common/img/CompanyAuth/532ed54be3561.jpg', '等待更新'),
(16, 9, 'Common/img/CompanyAuth/532ed6bf7036b.PNG', '等待更新'),
(17, 10, 'Common/img/CompanyAuth/532ed71f4b869.jpg', '等待更新'),
(18, 11, 'Common/img/CompanyAuth/532ed80fbe3f3.jpg', '等待更新'),
(19, 12, 'Common/img/CompanyAuth/532ed86d107c7.jpg', '等待更新'),
(20, 16, 'Common/img/CompanyAuth/5330f28596700.jpg', '等待更新'),
(21, 17, 'Common/img/CompanyAuth/53316c97ee74e.jpeg', '等待更新'),
(22, 18, 'Common/img/CompanyAuth/53326cdd405cc.jpg', '等待更新');

-- --------------------------------------------------------

--
-- 表的结构 `think_educationexp`
--

CREATE TABLE IF NOT EXISTS `think_educationexp` (
  `eid` int(11) NOT NULL AUTO_INCREMENT,
  `sid` int(11) NOT NULL,
  `schoolType` varchar(20) CHARACTER SET utf8 COLLATE utf8_bin NOT NULL,
  `startDate` date NOT NULL,
  `class` varchar(200) CHARACTER SET utf8 NOT NULL,
  `schoolName` varchar(200) NOT NULL,
  PRIMARY KEY (`eid`)
) ENGINE=InnoDB  DEFAULT CHARSET=latin1 AUTO_INCREMENT=26 ;

--
-- 转存表中的数据 `think_educationexp`
--

INSERT INTO `think_educationexp` (`eid`, `sid`, `schoolType`, `startDate`, `class`, `schoolName`) VALUES
(2, 100, '初中', '2014-02-24', '23423', '4234'),
(3, 116, '高中', '2011-06-09', '电子政务', '????'),
(4, 131, '小学', '2012-01-02', 'tertr', 'tert'),
(6, 158, '', '2011-09-01', '软件工程', '??????'),
(7, 161, '', '2010-09-02', '网络工程', '??????'),
(8, 168, '高中', '2010-09-04', '计算机科学与技术一班', '??????'),
(9, 173, '高中', '2010-09-11', '应急管理', '????'),
(10, 153, '高中', '2007-09-01', '0703班', '????????'),
(11, 176, '高中', '2007-01-09', '理科班', '??????'),
(12, 146, '高中', '2006-09-01', '无', '??????'),
(13, 184, '高中', '2007-09-01', '高一4，高二5，高三5', '???????'),
(14, 188, '高中', '2006-09-01', '621~616', '???????'),
(15, 191, '高中', '2007-09-01', '', ''),
(16, 187, '', '2010-09-01', '机械电子工程', '????????'),
(17, 177, '高中', '2007-09-01', '理科  5班', '??????'),
(19, 162, '高中', '2007-09-01', '', '????'),
(20, 194, '', '2010-01-09', '计算机科学与技术', '??????'),
(21, 198, '', '2010-09-01', '软件工程', '????'),
(22, 196, '', '2010-09-15', '软件工程1003', '??????'),
(23, 201, '高中', '2007-09-01', '理科班', '???????'),
(24, 209, '', '2010-09-06', '行政管理专业', '??????'),
(25, 214, '', '2010-09-01', '计算机科学与技术', '??????');

-- --------------------------------------------------------

--
-- 表的结构 `think_enroll`
--

CREATE TABLE IF NOT EXISTS `think_enroll` (
  `sid` int(11) NOT NULL,
  `status` int(11) NOT NULL
) ENGINE=InnoDB DEFAULT CHARSET=latin1;

--
-- 转存表中的数据 `think_enroll`
--

INSERT INTO `think_enroll` (`sid`, `status`) VALUES
(125, 0),
(100, 0),
(116, 0),
(126, 0),
(128, 0),
(130, 0),
(133, 0),
(134, 0),
(137, 0),
(140, 0),
(142, 0),
(109, 0),
(143, 0),
(144, 0),
(145, 0),
(146, 0),
(138, 0),
(149, 0),
(152, 0),
(153, 0),
(154, 0),
(158, 0),
(159, 0),
(160, 0),
(161, 0),
(162, 0),
(167, 0),
(166, 0),
(169, 0),
(171, 0),
(172, 0),
(173, 0),
(175, 0),
(176, 0),
(178, 0),
(180, 0),
(183, 0),
(184, 0),
(187, 0),
(182, 0),
(191, 0),
(192, 0),
(189, 0),
(177, 0),
(197, 0),
(202, 0),
(201, 0),
(205, 0),
(204, 0),
(208, 0),
(207, 0),
(210, 0);

-- --------------------------------------------------------

--
-- 表的结构 `think_personalexp`
--

CREATE TABLE IF NOT EXISTS `think_personalexp` (
  `pid` int(11) NOT NULL AUTO_INCREMENT,
  `sid` int(11) NOT NULL,
  `Type` varchar(200) CHARACTER SET utf8 NOT NULL,
  `startDate` date NOT NULL,
  `endDate` date NOT NULL,
  `statement` varchar(200) CHARACTER SET utf8 NOT NULL,
  PRIMARY KEY (`pid`)
) ENGINE=InnoDB  DEFAULT CHARSET=latin1 AUTO_INCREMENT=51 ;

--
-- 转存表中的数据 `think_personalexp`
--

INSERT INTO `think_personalexp` (`pid`, `sid`, `Type`, `startDate`, `endDate`, `statement`) VALUES
(1, 100, '实习经历', '2014-02-11', '2014-02-08', '342423'),
(2, 131, '项目经历', '2014-02-25', '2014-02-28', 'tretretret'),
(3, 153, '任职经历', '2012-08-01', '2013-08-01', '职务：中山大学校足球队队长\n所获成绩：以队长身份率队获得第四界广州市大学城7人制足球比赛亚军，第五界足球比赛第五名。获得第一届广州大学城富力“挑战杯”足球比赛第五名。'),
(4, 154, '项目经历', '2013-07-01', '2013-08-15', '基于silverlight5的3D校园展示系统（C#）\n使用C#语言实现，实现校园3D模型的加载、渲染与展示，负责引擎部分的开发和团队项目管理以及撰写引擎部分的需求说明，与其他组进行交流和进行项目的整合'),
(5, 154, '项目经历', '2013-05-01', '2013-07-01', '“中大美食”评论网站（php）\n使用php实现，是一个美食评论网站，收集学校附近的美食进行展示，网友可评论评分以及添加心仪美食，负责框架设计和页面美化，撰写网站的用户手册、需求说明'),
(6, 155, '项目经历', '2012-05-23', '2013-08-21', '项目名称：基于DSP的散热风扇的运行状况的预测预报\n项目描述：该项目是华为与我校自动化学院的合作项目，目的主要是预估预判工作在基站中的散热风扇的运行状况，如风扇出现故障，我们能及时检测出来，并能提前72小时报警，以便能够及时更换要坏的风扇。目前该项目已完成了风扇的参数检测部分、预测算法部分、后期的风扇数据融合部分以及上位机通信部分、测试分析部分。\n个人职责：1、查阅大量资料，个人独立分析出风扇各个'),
(7, 158, '项目经历', '2013-12-17', '2014-01-01', '个人股票分析系统（外包项目）\n实现股票分析的软件（类似同花顺和金字塔），该系统分为管理端和客户端两部分\n在客户给定的需求下实现具体功能，通过网络接口获取股票数据并导入处理成图像并且连接和操\n作数据库，软件测试，本机以及远程测试'),
(8, 158, '项目经历', '2013-05-01', '2014-03-05', 'KINCET游戏开发（学院项目）\n开发一款基于KINECT体感操作的逃生类游戏，目的为提供安全知识教育以及防止灾难发生时不\n能自救等\n负责协同队友完成地图制作，效果制作，模型与设备的对接，人物简单动作的代码编写（例如移动等），游戏测试'),
(9, 161, '实习经历', '2013-07-16', '2013-08-31', '在广州杰赛科技的研发中心的云计算小组，参与软件工厂研究及开发。主要熟悉appfactory、stratos相关架构及技术，和puppet自动化部署，实现自动化搭建java的web开发环境'),
(10, 161, '实习经历', '2013-09-01', '2013-11-03', '在广州杰赛科技的研发中心的大数据小组，参与数据挖掘辅助开发。主要负责原始数据处理和分析，和搭建应用的运行环境。了解hadoop的架构与程序开发。'),
(11, 161, '项目经历', '2013-06-10', '2013-07-02', '以j2ee和ssh为技术手段开发，主要负责业务逻辑设计，数据验证和处理，以及参与系统架构。实现论坛形式的物品交换网站。'),
(12, 168, '项目经历', '2012-03-05', '2013-03-04', '智能电网安全改进研究\n项目描述：	在智能电网里，及时对输电故障的线路进行定位以及维修对保证电力系统的供电稳定有很重要的作用。本项目通过前沿的人工智能技术，利用实验数据，进行故障定位及故障预测。 \n责任描述： 编写实验程序，整理实验数据，书写总结报告，加深了对人工智能以及Matlab的认识。'),
(13, 168, '项目经历', '2012-05-07', '2013-05-06', '论文网站爬虫及页面分析			\n项目描述： 实现基于Heritrix的爬虫，进行三大论文网站：中国知网、万方、维普网站论文的爬虫处理以及分析工作。实现了基本功能的同时，还做到定时爬虫、定速爬虫、定向爬虫。\n责任描述 ：完成软件主要框架、代码、调试，以及部署，从全局上考虑代码的实现。'),
(14, 168, '实习经历', '2013-07-15', '2013-08-19', '在深圳市中为高科技有限公司做企业孵化器的测试'),
(15, 168, '实习经历', '2014-01-13', '2014-04-21', '在新浪广州微米团队，线上线下推广微米，进社区帮用户安装微米，并收集用户使用后的体验，总结成需求报告，发给北京的技术部'),
(16, 168, '项目经历', '2012-06-30', '2014-06-30', '于演化算法的高速视频流车牌识别系统\n项目描述：车牌识别预处理，对车牌的区域进行倾斜纠正，然后根据我国车牌特征的几何合统计特征进行车牌字符分隔，得到单个的字符图片\n责任描述：系统的测试'),
(17, 168, '项目经历', '2014-01-13', '2014-04-21', '房地产企业楼盘介绍网站\n项目描述：开发一个介绍中国各大房地产企业下的各大楼盘的网站，并做数据挖掘和分析\n责任描述：网站的核心代码和前端设计、以及后台数据库的修改、连接'),
(18, 173, '任职经历', '2011-10-11', '2013-10-11', '担任暨南大学勤工助学管理委员会人力资源部主管，主要负责绩效考核工作，制定和修改勤助的考核制度，并参与到招聘和培训工作中。任职期间，我的工作内容还包括组织的季度、年度优秀员工的评比以及其他奖项的评选；参与和负责暨南大学2012届和2013届毕业生专场招聘会，担任秩序组组长，负责维持现场秩序，向参会企业提供所需物资，做好沟通协调工作，获得一次“招聘会优秀负责人”称号。'),
(19, 173, '实习经历', '2013-01-11', '2013-03-01', '广东省联和不锈钢企业有限公司人事部实习生，参与企业招聘、考核、员工离职等具体工作。实习期间，第一次进入人才招聘市场，策划和参与企业春季招聘会；参与企业文化建设与宣传（组织公司年会，并参与整个流程；组织工业区各企业篮球友谊赛）。'),
(20, 175, '实习经历', '2012-10-01', '2012-12-01', '实习公司：广州初见传播有限公司\n参与公司内部的项目，负责公司数据库的后台管理与开发。'),
(21, 153, '实习经历', '2012-10-01', '2012-12-01', '实习公司：广州初见传播有限公司;\n参加公司系统内部项目，开发一个内部管理系统，负责后台数据库数据维护。'),
(22, 153, '项目经历', '2012-09-01', '2012-12-01', '密码学加解破密软件 /合作开发；\n经验：采用C++语言、利用VisualStudio2010软件完成了整个项目的核心算法分析设计和代码编写，软件能实现古典加密算法和S-DES算法的加密和解密。'),
(23, 153, '项目经历', '2012-09-01', '2012-12-01', 'cocos2d-x游戏开发/游戏设计和开发\n经验：项目是利用cocos2d-x游戏引擎进行开发的横版ARPG手机游戏；我主要负责整个游戏的整体设计、部分代码开发和测试工作；作为小组长负责小组分工、工作协调、会议安排以及进度跟踪。'),
(24, 153, '项目经历', '2013-08-01', '2013-09-01', 'JSP网站搭建/独立开发；\n经验：前端采用html+css+javascript语言、后台采用java语言进行开发，采取了MVC开发模式，独立完成整个网站的搭建，实现简单的BBS和购物车功能。'),
(25, 176, '实习经历', '2012-01-01', '2012-01-03', '于中山正亮精密机械有限公司实习，担任操作工一职，完成对机器的操作，完成产品加工。实习期间，获得各级领导一致好评'),
(26, 176, '项目经历', '2012-10-07', '2013-01-01', '参与低功耗嵌入式系统的研究，取得了一定成果'),
(27, 146, '项目经历', '2012-03-01', '2013-03-01', '1.收集网络拍卖用户的行为信息数据集,分析影响网络拍卖的主导因素\n2.编写网络爬虫，编制信息提取模板，抓取网络购物的数据集，量化分析各类因素对网络购物的影响\n3.以Yahoo搜索引擎的广告推送数据为基础，挖掘关键词、点击率、价格等数据特征的关系'),
(28, 146, '实习经历', '2012-07-01', '2012-08-30', '1.收集网络拍卖用户的行为信息数据集,分析影响网络拍卖的主导因素\n1.与项目成员合作，建立数学模型，设计GPS坐标快速转换优化算法，协助产品中庞大数据的读取与存储\n2.根据项目组需求，编写代码，优化软件运作效率，完成项目进度'),
(29, 146, '实习经历', '2012-10-01', '2014-01-01', '1.依托物联网及云平台应用模式，结合新技术设计新一代智能门禁管理系统及云平台\n2.设计新一代智能机柜管理系统功能模块，实现系统功能\n3.构建绿色网络能效评估标准，设计“翼能广东”移动客户端产品（功能、界面）\n4.根据绿色网络能效评估系统需求文档，设计系统功能、界面，并完成系统开发'),
(30, 188, '实习经历', '2013-07-10', '2013-10-10', '在金蝶国际软件集团有限公司实习，担任运维工程师'),
(31, 187, '项目经历', '2012-06-01', '2014-03-01', '应该不算项目经历：早期对游戏有浓厚的兴趣，随后学习Flash游戏编程，并自学AS3语言，经常到网站上找游戏实例研究并实现和修改，至今为止做过许多小游戏,近期对手游特别感兴趣，开始学习COCOS2D-X，并能制作简单小游戏。'),
(32, 187, '项目经历', '2012-06-01', '2014-03-03', '手游经验：Flappy Bird（模仿热门手游）\n\n页游经验1.ARPG游戏人物移动 2.简单背包系统 3.扎气球小游戏 4.坦克小游戏 \n5.飞机小游戏（利用扎气球小游戏扩展完成）\n6.打砖块小游戏（代码用MVC设计思想编写）\n7.网格地图编辑器\n8.简单怪物AI'),
(33, 177, '实习经历', '2013-09-01', '2013-10-10', '腾讯科技有限公司              线下运营\n                          负责管理全国81所211重点大学的腾讯微博研究会，包括活动策划方案的审批，活动执行的监督，打款表的制作，后期反馈的审查（包括线下线上），还有绩效考核。'),
(34, 177, '实习经历', '2013-06-20', '2013-08-31', '中国联通广东省分公司                      人力资源部培训辅导员&活动策划\n                          在全省新员工入职培训期间担任100人的辅导员，管理新员工日常生活以及上课。同时也是活动组组长，策划组织趣味运动会、知识竞赛、篮球赛、拔河比赛、集体生日会等等活动。'),
(35, 177, '在校奖励', '2011-01-01', '2014-03-27', '★ 2013年获得校奖学金二等奖，并获得“优秀学生干部”称号\n★ 2012年获得校奖学金三等奖，并获得”体育积极分子“称号                                    \n★ 2010年获得院才艺展示大赛“才艺online show”第一名                                      \n★ 2011年获得院运动会100米和800米冠军 & 20'),
(36, 177, '任职经历', '2010-09-01', '2014-03-27', '★2011年至2013年     华南师范大学公共管理学院                                         文体委员： 负责组织班里同学参加各类文体活动及表演，对同学进行舞蹈培训。\n★2011年至2013年     华南师范大学校艺术团街舞队                                      Jazz队长：定期进行街舞培训，多次代表学校进行比'),
(37, 194, '实习经历', '2013-07-01', '2013-08-31', '	接受游戏策划、运营方面的培训，完成导师布置的相应任务\n	收集游戏内BUG，提交游戏相关的优化建议。\n	担任游戏新手指导员，对游戏中玩家提交的问题进行后台回复。'),
(38, 162, '项目经历', '2011-08-01', '2011-08-05', 'Agenda会议管理系统，这是一个简单的会议管理系统，支持添加、删除、查询、修改。基于C++控制台开发。主要负责参与讨论架构，画流程图和类图。'),
(39, 198, '项目经历', '2013-03-01', '2013-11-01', '项目通过神经网络算法、人工鱼群算法、kendall算法(两系数相关性分析)、遗传算法、SPSS聚类分析集合成一个分析软件，对珠江水域（河流、水库、上下游）进行分析，在项目中，我作为一个小组长，负责其中神经网络的模块及整个软件的整合。'),
(40, 162, '项目经历', '2012-09-01', '2012-09-10', 'GridWorld游戏。主要实现AI算法控制迷宫中的小虫找到出路。参与AI算法的讨论与编写。'),
(41, 198, '项目经历', '2013-11-01', '2013-12-01', 'U3D“Battleplane”手机游戏开发，玩家通过控制飞机消灭敌人取得更高的分数。登陆界面，使用NGUI做的；游戏界面，设计了护甲值，最大得分和当前得分，通过代码实现了转换子弹功能和疯狂攻击模式，还设计了游戏管理。\n游戏中，我设计了敌机的AI行为，游戏速度会随时间变得越来越快，要想拿取高分只能通过拿取黄色小球触发疯狂模式来消灭敌机。'),
(42, 162, '项目经历', '2013-07-01', '2013-08-05', 'cocos2d-x跨平台手机游戏，Hero。类似愤怒的小鸟的手机游戏，主要在Android平台上运行。负责参与关卡讨论，已经类图，流程图。'),
(43, 201, '项目经历', '2012-06-25', '2012-07-25', '电子技术综合设计实践三人组队通过设计程序，制作电板，焊接电路，完成了可手动调节，测量室温和储存并统计硬币数量功能的闹钟。'),
(44, 209, '在校奖励', '2010-10-11', '2011-07-15', '学院学生会体育部   支干\n主要工作：负责策划组织学院体育赛事，调动学院活动气氛。培养了策划，协商，沟通，合作的办事能力。'),
(45, 214, '实习经历', '2014-03-31', '2014-04-13', '在国家数字家庭基地的物联家公司实习，学习搭建智能家居的物联网环境'),
(46, 214, '项目经历', '2014-02-28', '2014-06-10', '毕业设计-基于java开发环境编写一个飞机游戏'),
(47, 214, '项目经历', '2013-11-20', '2014-01-10', '项目设计-跟老师做一个基于opencv的人脸识别'),
(48, 214, '项目经历', '2012-05-20', '2012-06-30', '数据可课程设计-应用C++ Builder 6.0和SQL Server2008构建C/S结构数据库系统，并做过一个简单的网吧收费系统数据库。'),
(49, 214, '实习经历', '2013-09-20', '2013-10-20', '太古可口可乐公司旗下的美汁源推广实习生-借骑行推广骑行活动进而推广美汁源新产品。'),
(50, 214, '任职经历', '2012-09-10', '2014-06-10', '连续两年担任班级心理联络员，期间每月一次做班上同学的心理调查，以及策划了一次班级的毕业游活动。');

-- --------------------------------------------------------

--
-- 表的结构 `think_popularcompany`
--

CREATE TABLE IF NOT EXISTS `think_popularcompany` (
  `id` int(11) NOT NULL AUTO_INCREMENT,
  `name` varchar(200) CHARACTER SET utf8 NOT NULL,
  `sum` int(11) NOT NULL,
  `status` int(11) NOT NULL,
  PRIMARY KEY (`id`)
) ENGINE=InnoDB DEFAULT CHARSET=latin1 AUTO_INCREMENT=1 ;

-- --------------------------------------------------------

--
-- 表的结构 `think_postresume`
--

CREATE TABLE IF NOT EXISTS `think_postresume` (
  `rid` int(11) NOT NULL AUTO_INCREMENT,
  `cid` int(11) NOT NULL,
  `sid` int(11) NOT NULL,
  `jid` int(11) NOT NULL,
  `status` int(11) NOT NULL,
  `create_time` date NOT NULL,
  PRIMARY KEY (`rid`)
) ENGINE=InnoDB  DEFAULT CHARSET=latin1 AUTO_INCREMENT=116 ;

--
-- 转存表中的数据 `think_postresume`
--

INSERT INTO `think_postresume` (`rid`, `cid`, `sid`, `jid`, `status`, `create_time`) VALUES
(1, 1, 100, 13, 1, '2014-02-18'),
(2, 2, 112, 15, 0, '2014-02-25'),
(4, 2, 100, 15, 0, '2014-03-13'),
(5, 9, 116, 23, 1, '2014-03-24'),
(6, 8, 143, 38, 0, '2014-03-25'),
(9, 9, 145, 45, 1, '2014-03-25'),
(10, 16, 145, 54, 0, '2014-03-25'),
(12, 4, 147, 66, 0, '2014-03-25'),
(13, 9, 147, 46, 1, '2014-03-25'),
(14, 16, 147, 53, 0, '2014-03-25'),
(15, 8, 147, 59, 0, '2014-03-25'),
(16, 9, 146, 46, 1, '2014-03-25'),
(17, 4, 146, 66, 0, '2014-03-25'),
(20, 9, 150, 47, 0, '2014-03-26'),
(21, 9, 151, 49, 0, '2014-03-26'),
(22, 16, 151, 53, 0, '2014-03-26'),
(23, 18, 151, 86, 1, '2014-03-26'),
(24, 9, 152, 48, 0, '2014-03-26'),
(26, 9, 155, 47, 0, '2014-03-26'),
(27, 16, 156, 53, 0, '2014-03-26'),
(28, 9, 156, 47, 0, '2014-03-26'),
(29, 9, 156, 48, 0, '2014-03-26'),
(30, 4, 156, 66, 0, '2014-03-26'),
(31, 16, 157, 53, 0, '2014-03-26'),
(33, 16, 158, 54, 0, '2014-03-26'),
(34, 4, 158, 64, 0, '2014-03-26'),
(35, 9, 160, 47, 0, '2014-03-26'),
(36, 16, 160, 54, 0, '2014-03-26'),
(37, 8, 160, 61, 0, '2014-03-26'),
(38, 18, 160, 86, 0, '2014-03-26'),
(40, 18, 164, 87, 0, '2014-03-26'),
(41, 9, 169, 42, 0, '2014-03-26'),
(42, 4, 169, 70, 0, '2014-03-26'),
(43, 4, 170, 66, 0, '2014-03-26'),
(44, 8, 172, 58, 0, '2014-03-27'),
(45, 9, 173, 46, 0, '2014-03-27'),
(46, 9, 173, 49, 0, '2014-03-27'),
(47, 9, 173, 48, 0, '2014-03-27'),
(48, 4, 173, 66, 0, '2014-03-27'),
(49, 4, 173, 63, 0, '2014-03-27'),
(50, 4, 153, 66, 0, '2014-03-27'),
(51, 18, 153, 79, 0, '2014-03-27'),
(52, 8, 153, 58, 0, '2014-03-27'),
(54, 9, 176, 48, 0, '2014-03-27'),
(55, 9, 176, 46, 0, '2014-03-27'),
(56, 16, 176, 53, 0, '2014-03-27'),
(57, 4, 176, 66, 0, '2014-03-27'),
(58, 4, 176, 63, 0, '2014-03-27'),
(59, 4, 176, 65, 0, '2014-03-27'),
(60, 8, 176, 58, 0, '2014-03-27'),
(61, 8, 176, 60, 0, '2014-03-27'),
(62, 8, 176, 59, 0, '2014-03-27'),
(63, 10, 176, 96, 0, '2014-03-27'),
(64, 8, 146, 58, 0, '2014-03-27'),
(65, 18, 146, 78, 0, '2014-03-27'),
(66, 10, 146, 94, 0, '2014-03-27'),
(68, 4, 183, 64, 0, '2014-03-27'),
(69, 4, 183, 67, 0, '2014-03-27'),
(71, 8, 183, 38, 0, '2014-03-27'),
(72, 9, 184, 42, 0, '2014-03-27'),
(73, 16, 184, 54, 0, '2014-03-27'),
(74, 4, 186, 68, 0, '2014-03-27'),
(75, 10, 184, 89, 0, '2014-03-27'),
(76, 9, 184, 44, 0, '2014-03-27'),
(77, 9, 191, 49, 0, '2014-03-27'),
(78, 9, 192, 46, 0, '2014-03-27'),
(79, 4, 192, 66, 0, '2014-03-27'),
(82, 4, 187, 67, 0, '2014-03-27'),
(83, 8, 189, 38, 0, '2014-03-27'),
(84, 10, 194, 94, 0, '2014-03-27'),
(85, 10, 194, 96, 0, '2014-03-27'),
(86, 8, 194, 59, 0, '2014-03-27'),
(87, 16, 187, 54, 0, '2014-03-27'),
(88, 10, 187, 93, 0, '2014-03-27'),
(89, 9, 199, 48, 0, '2014-03-27'),
(90, 9, 162, 46, 0, '2014-03-27'),
(91, 16, 202, 54, 0, '2014-03-27'),
(92, 10, 203, 94, 0, '2014-03-27'),
(93, 8, 203, 58, 0, '2014-03-27'),
(94, 4, 162, 66, 0, '2014-03-27'),
(95, 4, 201, 66, 0, '2014-03-27'),
(96, 9, 201, 46, 0, '2014-03-27'),
(98, 16, 204, 54, 0, '2014-03-27'),
(99, 4, 203, 66, 0, '2014-03-27'),
(100, 9, 203, 50, 0, '2014-03-27'),
(101, 16, 203, 53, 0, '2014-03-27'),
(102, 10, 202, 89, 0, '2014-03-27'),
(103, 16, 208, 54, 0, '2014-03-27'),
(104, 4, 209, 65, 0, '2014-03-27'),
(108, 8, 214, 61, 0, '2014-04-05'),
(109, 9, 214, 47, 0, '2014-04-05'),
(110, 16, 214, 53, 0, '2014-04-05'),
(111, 8, 214, 60, 0, '2014-04-05'),
(112, 10, 214, 90, 0, '2014-04-05'),
(113, 18, 214, 86, 0, '2014-04-05'),
(114, 4, 215, 67, 0, '2014-04-06'),
(115, 9, 216, 50, 0, '2014-04-06');

-- --------------------------------------------------------

--
-- 表的结构 `think_resume`
--

CREATE TABLE IF NOT EXISTS `think_resume` (
  `sid` int(11) NOT NULL,
  `name` varchar(200) CHARACTER SET utf8 NOT NULL,
  `sex` varchar(50) CHARACTER SET utf8 NOT NULL,
  `birth` date NOT NULL,
  `education` varchar(200) CHARACTER SET utf8 NOT NULL,
  `certificationType` varchar(200) CHARACTER SET utf8 NOT NULL,
  `certificationNum` varchar(200) CHARACTER SET utf8 NOT NULL,
  `location` varchar(200) CHARACTER SET utf8 NOT NULL,
  `email` varchar(200) CHARACTER SET utf8 NOT NULL,
  `phone` varchar(200) CHARACTER SET utf8 NOT NULL,
  `public` varchar(200) CHARACTER SET utf8 NOT NULL,
  `address` varchar(200) CHARACTER SET utf8 NOT NULL,
  `create_time` date NOT NULL,
  `statement` varchar(3000) CHARACTER SET utf8 NOT NULL,
  `avtor` varchar(50) CHARACTER SET utf8 NOT NULL,
  PRIMARY KEY (`sid`)
) ENGINE=InnoDB DEFAULT CHARSET=latin1;

--
-- 转存表中的数据 `think_resume`
--

INSERT INTO `think_resume` (`sid`, `name`, `sex`, `birth`, `education`, `certificationType`, `certificationNum`, `location`, `email`, `phone`, `public`, `address`, `create_time`, `statement`, `avtor`) VALUES
(100, 'wangyufe', '女', '1991-02-01', '本科', '护照', '等待更新', '等待更新', '等待更新', '等待更新', '等待更新', '等待更新', '2014-02-18', '<p>等待更新</p>\n', 'Common/img/StudentAvtor/5305ecc886495.png'),
(101, '叶铭毅', '男', '1992-04-08', '本科', '身份证', '441622199204085750', '广东深圳', '756618490@qq.com', '13580512240', '无', '暂无', '2014-02-18', '<p>暂无</p>\n', 'Common/img/StudentAvtor/default.jpg'),
(102, '等待更新', '等待更新', '0000-00-00', '等待更新', '等待更新', '等待更新', '等待更新', '等待更新', '等待更新', '等待更新', '等待更新', '2014-02-18', '等待更新', 'Common/img/StudentAvtor/default.jpg'),
(103, '等待更新', '等待更新', '0000-00-00', '等待更新', '等待更新', '等待更新', '等待更新', '等待更新', '等待更新', '等待更新', '等待更新', '2014-02-18', '等待更新', 'Common/img/StudentAvtor/default.jpg'),
(104, '等待更新', '等待更新', '0000-00-00', '等待更新', '等待更新', '等待更新', '等待更新', '等待更新', '等待更新', '等待更新', '等待更新', '2014-02-18', '等待更新', 'Common/img/StudentAvtor/default.jpg'),
(105, '等待更新', '等待更新', '0000-00-00', '等待更新', '等待更新', '等待更新', '等待更新', '等待更新', '等待更新', '等待更新', '等待更新', '2014-02-18', '等待更新', 'Common/img/StudentAvtor/default.jpg'),
(106, '等待更新', '等待更新', '0000-00-00', '等待更新', '等待更新', '等待更新', '等待更新', '等待更新', '等待更新', '等待更新', '等待更新', '2014-02-18', '等待更新', 'Common/img/StudentAvtor/default.jpg'),
(107, '等待更新', '等待更新', '0000-00-00', '等待更新', '等待更新', '等待更新', '等待更新', '等待更新', '等待更新', '等待更新', '等待更新', '2014-02-18', '等待更新', 'Common/img/StudentAvtor/default.jpg'),
(108, '等待更新', '等待更新', '0000-00-00', '等待更新', '等待更新', '等待更新', '等待更新', '等待更新', '等待更新', '等待更新', '等待更新', '2014-02-18', '等待更新', 'Common/img/StudentAvtor/default.jpg'),
(109, '等待更新', '等待更新', '0000-00-00', '等待更新', '等待更新', '等待更新', '等待更新', '等待更新', '等待更新', '等待更新', '等待更新', '2014-02-18', '等待更新', 'Common/img/StudentAvtor/default.jpg'),
(110, '等待更新', '等待更新', '0000-00-00', '等待更新', '等待更新', '等待更新', '等待更新', '等待更新', '等待更新', '等待更新', '等待更新', '2014-02-18', '等待更新', 'Common/img/StudentAvtor/default.jpg'),
(111, '等待更新', '等待更新', '0000-00-00', '等待更新', '等待更新', '等待更新', '等待更新', '等待更新', '等待更新', '等待更新', '等待更新', '2014-02-18', '等待更新', 'Common/img/StudentAvtor/default.jpg'),
(112, 'fd', '男', '1991-02-01', '博士', '身份证', 'fd', 'd', 'd', 'fd', 'fd', 'd', '2014-02-25', '<p>fd</p>\n', 'Common/img/StudentAvtor/default.jpg'),
(113, '陆莹', '女', '1993-03-17', '本科', '身份证', '', '', '', '', '无', '无', '2014-02-25', '<p>Hello world!~</p>\n', 'Common/img/StudentAvtor/default.jpg'),
(114, '等待更新', '等待更新', '0000-00-00', '等待更新', '等待更新', '等待更新', '等待更新', '等待更新', '等待更新', '等待更新', '等待更新', '2014-02-25', '等待更新', 'Common/img/StudentAvtor/default.jpg'),
(115, '等待更新', '等待更新', '0000-00-00', '等待更新', '等待更新', '等待更新', '等待更新', '等待更新', '等待更新', '等待更新', '等待更新', '2014-02-25', '等待更新', 'Common/img/StudentAvtor/default.jpg'),
(116, '陈坤俊', '男', '1992-06-03', '本科', '身份证', '522730199405172515', '广州', '347891337@qq.com', '13560478097', '自由', '广州大学城中山大学东校区慎思园六号607', '2014-02-26', '<p>异想天开，诚实努力，勤奋上进，投机取巧。</p>\n', 'Common/img/StudentAvtor/532f0582cd8e5.jpg'),
(117, '等待更新', '等待更新', '0000-00-00', '等待更新', '等待更新', '等待更新', '等待更新', '等待更新', '等待更新', '等待更新', '等待更新', '2014-02-26', '等待更新', 'Common/img/StudentAvtor/default.jpg'),
(118, '等待更新', '等待更新', '0000-00-00', '等待更新', '等待更新', '等待更新', '等待更新', '等待更新', '等待更新', '等待更新', '等待更新', '2014-02-26', '等待更新', 'Common/img/StudentAvtor/default.jpg'),
(119, '等待更新', '等待更新', '1991-02-01', '等待更新', '等待更新', '等待更新', '等待更新', '等待更新', '等待更新', '等待更新', '等待更新', '2014-02-28', '<p>等待更新</p>\n', 'Common/img/StudentAvtor/default.jpg'),
(120, '等待更新', '等待更新', '0000-00-00', '等待更新', '等待更新', '等待更新', '等待更新', '等待更新', '等待更新', '等待更新', '等待更新', '2014-03-01', '等待更新', 'Common/img/StudentAvtor/default.jpg'),
(121, '等待更新', '等待更新', '0000-00-00', '等待更新', '等待更新', '等待更新', '等待更新', '等待更新', '等待更新', '等待更新', '等待更新', '2014-03-02', '等待更新', 'Common/img/StudentAvtor/default.jpg'),
(122, '等待更新', '等待更新', '0000-00-00', '等待更新', '等待更新', '等待更新', '等待更新', '等待更新', '等待更新', '等待更新', '等待更新', '2014-03-10', '等待更新', 'Common/img/StudentAvtor/default.jpg'),
(123, '等待更新', '等待更新', '0000-00-00', '等待更新', '等待更新', '等待更新', '等待更新', '等待更新', '等待更新', '等待更新', '等待更新', '2014-03-12', '等待更新', 'Common/img/StudentAvtor/default.jpg'),
(124, '等待更新', '等待更新', '0000-00-00', '等待更新', '等待更新', '等待更新', '等待更新', '等待更新', '等待更新', '等待更新', '等待更新', '2014-03-12', '等待更新', 'Common/img/StudentAvtor/default.jpg'),
(125, '等待更新', '等待更新', '0000-00-00', '等待更新', '等待更新', '等待更新', '等待更新', '等待更新', '等待更新', '等待更新', '等待更新', '2014-03-13', '等待更新', 'Common/img/StudentAvtor/default.jpg'),
(126, '等待更新', '等待更新', '0000-00-00', '等待更新', '等待更新', '等待更新', '等待更新', '等待更新', '等待更新', '等待更新', '等待更新', '2014-03-14', '等待更新', 'Common/img/StudentAvtor/default.jpg'),
(127, '等待更新', '等待更新', '0000-00-00', '等待更新', '等待更新', '等待更新', '等待更新', '等待更新', '等待更新', '等待更新', '等待更新', '2014-03-14', '等待更新', 'Common/img/StudentAvtor/default.jpg'),
(128, '等待更新', '等待更新', '0000-00-00', '等待更新', '等待更新', '等待更新', '等待更新', '等待更新', '等待更新', '等待更新', '等待更新', '2014-03-14', '等待更新', 'Common/img/StudentAvtor/default.jpg'),
(129, '等待更新', '等待更新', '0000-00-00', '等待更新', '等待更新', '等待更新', '等待更新', '等待更新', '等待更新', '等待更新', '等待更新', '2014-03-15', '等待更新', 'Common/img/StudentAvtor/default.jpg'),
(130, '等待更新', '等待更新', '0000-00-00', '等待更新', '等待更新', '等待更新', '等待更新', '等待更新', '等待更新', '等待更新', '等待更新', '2014-03-16', '等待更新', 'Common/img/StudentAvtor/default.jpg'),
(131, 'tert', '男', '1991-02-01', '博士', '身份证', 'fgdf', 'dfgsdf', 'fdgsf', 'dfgs', 'fdgsdfg', 'fdgdsf', '2014-03-18', '<p>fgsdfgfsdgfd</p>\n', 'Common/img/StudentAvtor/default.jpg'),
(132, '等待更新', '等待更新', '0000-00-00', '等待更新', '等待更新', '等待更新', '等待更新', '等待更新', '等待更新', '等待更新', '等待更新', '2014-03-19', '等待更新', 'Common/img/StudentAvtor/default.jpg'),
(133, '等待更新', '等待更新', '0000-00-00', '等待更新', '等待更新', '等待更新', '等待更新', '等待更新', '等待更新', '等待更新', '等待更新', '2014-03-19', '等待更新', 'Common/img/StudentAvtor/default.jpg'),
(134, '等待更新', '等待更新', '0000-00-00', '等待更新', '等待更新', '等待更新', '等待更新', '等待更新', '等待更新', '等待更新', '等待更新', '2014-03-19', '等待更新', 'Common/img/StudentAvtor/default.jpg'),
(135, '等待更新', '等待更新', '1991-02-01', '等待更新', '等待更新', '等待更新', '等待更新', '等待更新', '等待更新', '等待更新', '等待更新', '2014-03-20', '<p>等待更新</p>\n', 'Common/img/StudentAvtor/532ecd36130b1.jpg'),
(136, '等待更新', '男', '1991-02-01', '本科', '等待更新', '等待更新', '等待更新', '等待更新', '等待更新', '等待更新', '等待更新', '2014-03-20', '<p>等待更新</p>\n', 'Common/img/StudentAvtor/default.jpg'),
(137, '等待更新', '等待更新', '0000-00-00', '等待更新', '等待更新', '等待更新', '等待更新', '等待更新', '等待更新', '等待更新', '等待更新', '2014-03-20', '等待更新', 'Common/img/StudentAvtor/default.jpg'),
(138, '刘少达', '男', '1991-03-15', '本科', '身份证', '44522219910315005X', '广州市', '305148380@qq.com', '15920421431', '马克思主义', '广东省广州市大学城华南师范大学学南4栋', '2014-03-21', '<p>本人热爱文字和游戏，从小学起阅读过许多名著，诗词和大量长篇武侠，仙侠，玄幻小说，且经常上网接触各种事物，对各个方面知识均有涉猎。同时本人拥有丰富学生工作经验，具有良好的团队合作意识，沟通能力强，有服务活动策划经验，性格热情开朗，热爱与人交流，做事认真仔细，非常有耐心。</p>\n', 'Common/img/StudentAvtor/5331a7418e304.jpg'),
(139, '等待更新', '等待更新', '0000-00-00', '等待更新', '等待更新', '等待更新', '等待更新', '等待更新', '等待更新', '等待更新', '等待更新', '2014-03-23', '等待更新', 'Common/img/StudentAvtor/default.jpg'),
(140, '等待更新', '等待更新', '0000-00-00', '等待更新', '等待更新', '等待更新', '等待更新', '等待更新', '等待更新', '等待更新', '等待更新', '2014-03-23', '等待更新', 'Common/img/StudentAvtor/default.jpg'),
(141, '等待更新', '等待更新', '0000-00-00', '等待更新', '等待更新', '等待更新', '等待更新', '等待更新', '等待更新', '等待更新', '等待更新', '2014-03-23', '等待更新', 'Common/img/StudentAvtor/532ef44c237be.jpg'),
(142, '等待更新', '等待更新', '0000-00-00', '等待更新', '等待更新', '等待更新', '等待更新', '等待更新', '等待更新', '等待更新', '等待更新', '2014-03-24', '等待更新', 'Common/img/StudentAvtor/default.jpg'),
(143, '等待更新', '等待更新', '0000-00-00', '等待更新', '等待更新', '等待更新', '等待更新', '等待更新', '等待更新', '等待更新', '等待更新', '2014-03-25', '等待更新', 'Common/img/StudentAvtor/default.jpg'),
(144, '徐东明', '男', '1991-09-20', '本科', '身份证', '440682199109201771', '佛山', '307713756@qq.com', '15889967756', '', '', '2014-03-25', '<p>我是一个富有责任心的人，对游戏抱有极大的热情，需要时可以做到十分专注和耐心。团队合作意识在多年的游戏经历中已经深入我的思想。勇于学习和接受新事物，不时会有新的想法。</p>\n\n<p>我认为自身的不足之处是面对陌生人时比较拘谨，外语能力欠佳和缺乏社会经验。</p>\n', 'Common/img/StudentAvtor/default.jpg'),
(145, '等待更新', '等待更新', '0000-00-00', '等待更新', '等待更新', '等待更新', '等待更新', '等待更新', '等待更新', '等待更新', '等待更新', '2014-03-25', '等待更新', 'Common/img/StudentAvtor/default.jpg'),
(146, '刘显恩', '男', '1991-01-24', '本科', '身份证', '440921199101240817', '广州大学城', '564035695@qq.com', '15902082972', '无', '广东省广州市大学城华南理工大学', '2014-03-25', '<p>1.热爱游戏事业，对游戏狂热执着, 喜欢与玩家沟通交流</p>\n\n<p>2.了解多款游戏（网络游戏/单机游戏/手机游戏），对游戏策划的职责有一定的认识：网络游戏：《完美世界》（3年）、《梦幻西游》（3-4年），《Dota》（3年半），《刀塔2》等</p>\n\n<p>3.有一定的数据分析基础，良好的逻辑分析思维，利于把握玩家需求，引导玩家</p>\n\n<p>4.数学知识基础扎实，善于学习，有较强烈的求知欲和进取心</p>\n\n<p>5.富有团队精神，工作沟通、配合能力强，心理承受能力强，能适应较大的工作压力</p>\n', 'Common/img/StudentAvtor/533376626138a.JPG'),
(147, '杨金颖', '男', '1991-08-01', '本科', '身份证', '440921199108010416', '深圳', 'jinyingyang2010@163.com', '18801734439', '等待更新', '等待更新', '2014-03-25', '<p>等待更新</p>\n', 'Common/img/StudentAvtor/default.jpg'),
(148, '等待更新', '等待更新', '0000-00-00', '等待更新', '等待更新', '等待更新', '等待更新', '等待更新', '等待更新', '等待更新', '等待更新', '2014-03-26', '等待更新', 'Common/img/StudentAvtor/default.jpg'),
(149, '等待更新', '等待更新', '0000-00-00', '等待更新', '等待更新', '等待更新', '等待更新', '等待更新', '等待更新', '等待更新', '等待更新', '2014-03-26', '等待更新', 'Common/img/StudentAvtor/53326b746ae1b.jpg'),
(150, '雷晒粮', '男', '1991-10-02', '本科', '身份证', '430522199110024932', '广东省广州市华南理工大学南校区C12', '714777619@qq.com', '15800001191', '等待更新', '等待更新', '2014-03-26', '<p class="p0" style="margin-bottom:0pt; margin-top:0pt; "><span style="color: rgb(0, 0, 0); font-size: 9pt; font-family: 宋体; background-position: initial initial; background-repeat: initial initial;">做</span><span style="color: rgb(0, 0, 0); font-size: 10pt; font-family: 宋体; background-position: initial initial; background-repeat: initial initial;">事认真负责有激情，与人沟通能力好，团队协作意识好，学习能力强，愿意尝试自己没有涉猎过的领域，头脑运转灵活，能够适应快节奏的工作生活。性格随和，待朋友真诚，朋友多并且大学里面有一般好死党。学习能力强，接受能力好，能够胜任有挑战跟陌生的事物。</span></p>\n', 'Common/img/StudentAvtor/533285173eb07.jpg'),
(151, '等待更新', '等待更新', '0000-00-00', '等待更新', '等待更新', '等待更新', '等待更新', '等待更新', '等待更新', '等待更新', '等待更新', '2014-03-26', '等待更新', 'Common/img/StudentAvtor/default.jpg'),
(152, '等待更新', '等待更新', '0000-00-00', '等待更新', '等待更新', '等待更新', '等待更新', '等待更新', '等待更新', '等待更新', '等待更新', '2014-03-26', '等待更新', 'Common/img/StudentAvtor/default.jpg'),
(153, '林桢', '男', '1992-05-12', '本科', '身份证', '452226199205120032', '广州', '234346353@qq.com', '15902096442', '共青团员', '广州市番禺区大学城中山大学至善园9号529', '2014-03-26', '<ul>\n	<li>逻辑思维能力强，喜欢动脑，挑战难题</li>\n	<li>想象力丰富，鬼点子多</li>\n	<li>学习能力强，能快速掌握熟悉新知识新技术</li>\n	<li>沟通能力强，表达能力强，领导能力强，有责任心，常担任团队领导角色</li>\n	<li>热爱游戏，对游戏有着自己独特的理解，喜欢和别人分享游戏心得</li>\n</ul>\n', 'Common/img/StudentAvtor/5332a1a680b5a.JPG'),
(154, '叶海飞', '男', '1990-03-17', '本科', '身份证', '440921199003173817', '广东省广州市', 'yehaifei17@gmail.com', '15889962352', '马克思主义', '广东省广州市番禺区中山大学东校区至善园九号', '2014-03-26', '<p>积极乐观，认真负责，适应能力和学习能力强，团队合作意识强，喜欢羽毛球、音乐、电影、毛笔书法等</p>\n', 'Common/img/StudentAvtor/default.jpg'),
(155, '刘琴琴', '女', '1988-09-28', '研究生', '身份证', '420922198810286840', '湖北孝感', '876957416@qq.com', '13580325128', '共产党', '等待更新', '2014-03-26', '<p>目前能够熟练使用的有C\\C++\\VB,了解Linux和Java的一些基本知识，熟悉ＴＣＰ／ＩＰ协议、ＳＱＬ语言，有软件开发的经验。研一时跟过实验室的项目&ldquo;紫外灯&rdquo;，研二到研三期间参与实验室与华为合作项目&ldquo;风扇寿命预测&rdquo;，学习能力强，做事有恒心、责任心。具有较强的专业理论知识，善于独立思考，能提出自己的独到见解，为人诚信，勤奋务实，有较强的适应能力和协调能力，责任感强，热爱集体，助人为乐，能以大局为重，愿意服从集体利益的需要，具备奉献精神。</p>\n\n<p>&nbsp;</p>\n', 'Common/img/StudentAvtor/default.jpg'),
(156, '刘雪梅', '女', '1993-03-09', '本科', '身份证', '46000619930309402X', '广州', '531317769@qq.com', '13560348196', '', '', '2014-03-26', '<p>热爱生活， 互联网，易于与他人相处 。专业背景基础上，商务公关知识的接触以及热衷于产品运营 使自身能更好的了解产品需求与团队合作的方式 的方式。具有创新 的精神 的精神 ，会为实现目标而努力奋斗。</p>\n', 'Common/img/StudentAvtor/default.jpg'),
(157, '等待更新', '等待更新', '0000-00-00', '等待更新', '等待更新', '等待更新', '等待更新', '等待更新', '等待更新', '等待更新', '等待更新', '2014-03-26', '等待更新', 'Common/img/StudentAvtor/default.jpg'),
(158, '欧阳圣', '男', '1992-10-28', '本科', '身份证', '44188219921028063X', '广州', 'oyslgken@gmail.com', '18825194101', '', '', '2014-03-26', '<p>熟练掌握C++、C#，基本掌握Python</p>\n\n<p>热爱编程，基础扎实，有创新精神</p>\n\n<p>喜欢思考，运动，浏览互联网新闻与技术博客</p>\n\n<p>有责任心、有耐心，有突出的自我学习提升能力，沟通与协调能力</p>\n\n<p>诚实可靠、有良好的团队合作精神、吃苦耐劳、有一定的抗压能力</p>\n', 'Common/img/StudentAvtor/default.jpg'),
(159, '等待更新', '等待更新', '0000-00-00', '等待更新', '等待更新', '等待更新', '等待更新', '等待更新', '等待更新', '等待更新', '等待更新', '2014-03-26', '等待更新', 'Common/img/StudentAvtor/5332e04ac6449.jpg'),
(160, '温柔', '女', '1991-03-16', '本科', '身份证', '440923199103165921', '广州市大学城中山大学至善园十号', '1492689817@qq.COM', '15902022672', '等待更新', '等待更新', '2014-03-26', '<p align="left">主修嵌入式软件工程与系统，对软件工程热情有加，同时选修IT.项目管理，Web2.0程序设计等，并在软件工程有深入的实训经历；是以致力于相关领域长期发展。</p>\n', 'Common/img/StudentAvtor/default.jpg'),
(161, '曾增雄', '男', '1991-09-02', '本科', '身份证', '44142119910902141x', '广州番禺', 'kingarthur0902@gmail.com', '15902016473', '等待更新', '等待更新', '2014-03-26', '<p style="margin-left:52.5pt;">专业技能：掌握java开发技能，熟练j2ee开发和使用ssh三大框架，掌握web开发的流程。了解多种浏览器脚本如js，html等。了解各种设计模式。能够熟练使用linux系统，熟悉mysql，对oracle数据库有一定的了解。对云计算和大数据有所了解。具有良好的编程能力和项目合作能力。</p>\n\n<p style="margin-left:52.5pt;">个人性格：品德良好，为人诚恳，易与人相处，待人友好。爱好足球，音乐和电影。具有较强的抗压能力，能够快速的接受新环境。</p>\n', 'Common/img/StudentAvtor/default.jpg'),
(162, '梁国祥', '男', '1991-05-06', '本科', '身份证', '450981199105060272', '广州市大学城中山大学至善园9栋', '1554342021@qq.com', '15902057414', '社会主义', '广州市大学城中山大学至善园9栋706', '2014-03-26', '<p>团结互助，与人为善，态度认真，面对挑战，勇于面对。</p>\n', 'Common/img/StudentAvtor/53338332bf5c0.jpg'),
(163, '等待更新', '等待更新', '0000-00-00', '等待更新', '等待更新', '等待更新', '等待更新', '等待更新', '等待更新', '等待更新', '等待更新', '2014-03-26', '等待更新', 'Common/img/StudentAvtor/default.jpg'),
(164, '等待更新', '等待更新', '0000-00-00', '等待更新', '等待更新', '等待更新', '等待更新', '等待更新', '等待更新', '等待更新', '等待更新', '2014-03-26', '等待更新', 'Common/img/StudentAvtor/default.jpg'),
(165, '等待更新', '等待更新', '0000-00-00', '等待更新', '等待更新', '等待更新', '等待更新', '等待更新', '等待更新', '等待更新', '等待更新', '2014-03-26', '等待更新', 'Common/img/StudentAvtor/default.jpg'),
(166, '等待更新', '等待更新', '0000-00-00', '等待更新', '等待更新', '等待更新', '等待更新', '等待更新', '等待更新', '等待更新', '等待更新', '2014-03-26', '等待更新', 'Common/img/StudentAvtor/default.jpg'),
(167, '等待更新', '等待更新', '0000-00-00', '等待更新', '等待更新', '等待更新', '等待更新', '等待更新', '等待更新', '等待更新', '等待更新', '2014-03-26', '等待更新', 'Common/img/StudentAvtor/default.jpg'),
(168, '刘文君', '男', '1991-05-10', '本科', '身份证', '441481199105100053', '广州市天河区东方三路熹园', '250394497@qq.com', '15915791571', '中国共产党', '华南农业大学', '2014-03-26', '<p style="margin-left: 35.15pt;"><strong>性格上&nbsp; 乐观开朗、温文儒雅、不悲不躁、喜欢冒险、敢于尝试新的未知的领域、保证效率的同时追求速度与激情、爱好学习、善于观察总结、不墨守陈规</strong></p>\n\n<p style="margin-left: 35.4pt;"><strong>能力上</strong>&nbsp; <strong>我喜欢按计划办事，做事有条理，有目的，乐意接受挑战，富开创进取精神，有团队精神、服从上级的正确指令。在遇到不同想法时，能先虚心听取他人的想法，再把自己的想法说出来与之比较。</strong></p>\n', 'Common/img/StudentAvtor/5332f92629bd4.jpg'),
(169, '等待更新', '等待更新', '0000-00-00', '等待更新', '等待更新', '等待更新', '等待更新', '等待更新', '等待更新', '等待更新', '等待更新', '2014-03-26', '等待更新', 'Common/img/StudentAvtor/default.jpg'),
(170, '等待更新', '等待更新', '0000-00-00', '等待更新', '等待更新', '等待更新', '等待更新', '等待更新', '等待更新', '等待更新', '等待更新', '2014-03-26', '等待更新', 'Common/img/StudentAvtor/default.jpg'),
(171, '黄小龙', '男', '1992-09-18', '本科', '身份证', '44040219920918913X', '广州', '136282729@qq.com', '18826409082', '', '', '2014-03-27', '<p>本人性格开朗，待人真诚，工作认真负责，能吃苦耐劳，有团队协作精神，具有较强的适应能力，上进心强，自学能力强，喜欢合作，有良好的代码能力。</p>\n', 'Common/img/StudentAvtor/default.jpg'),
(172, '等待更新', '等待更新', '0000-00-00', '等待更新', '等待更新', '等待更新', '等待更新', '等待更新', '等待更新', '等待更新', '等待更新', '2014-03-27', '等待更新', 'Common/img/StudentAvtor/default.jpg'),
(173, '李信楷', '男', '1991-05-24', '本科', '身份证', '445121199105243434', '广东广州', '1066711594@qq.com', '13580560345', '等待更新', '广东省广州市天河区黄埔大道西601号暨南大学', '2014-03-27', '<p>乐于沟通、诚恳待人；吃苦耐劳、勤于实践；具有较强的自学能力和团队协作能力。</p>\n', 'Common/img/StudentAvtor/5333193ce16ee.jpg'),
(174, '等待更新', '等待更新', '0000-00-00', '等待更新', '等待更新', '等待更新', '等待更新', '等待更新', '等待更新', '等待更新', '等待更新', '2014-03-27', '等待更新', 'Common/img/StudentAvtor/default.jpg'),
(175, '林桢', '男', '1992-05-12', '本科', '身份证', '452226199205120032', '广州', '234346353@qq.com', '15902096442', '共青团员', '广州市番禺区大学城中山大学至善园9号529', '2014-03-27', '<ul>\n	<li>逻辑思维能力强，喜欢动脑，挑战难题</li>\n	<li>想象力丰富，鬼点子多</li>\n	<li>学习能力强，能快速掌握熟悉新知识新技术</li>\n	<li>沟通能力强，表达能力强，领导能力强，有责任心，常担任团队领导角色</li>\n	<li>热爱游戏，对游戏有着自己独特的理解，喜欢和别人分享游戏心得</li>\n	<li>具有良好的英文阅读能力，习惯阅读英文资料（CET6）</li>\n</ul>\n', 'Common/img/StudentAvtor/default.jpg'),
(176, '徐一鸣', '男', '1992-08-01', '本科', '身份证', '442000199208010211', '广东中山', 'vin199281@126.com', '13703640419', '无', '广东省中山市悦来南路悦华街8号', '2014-03-27', '<p>本人性格开朗、思想积极、诚实善良、爱好广泛、热爱交友、待人真诚。工作认真负责，积极主动，敢于吃苦耐劳，有一颗很强的事业心，有很强的责任感。有较强的组织能力、实际动手能力、团队协作能力以及创新能力，可以适应各种环境。愿意从基础做起，勤勤恳恳，在工作岗位中不断学习。</p>\n', 'Common/img/StudentAvtor/default.jpg'),
(177, '谭俊丽', '女', '1991-11-09', '本科', '身份证', '440222199111091243', '广州番禺区大学城华南师范大学', '1044785011@qq.com', '13268294773', '无', '广州大学城华南师范大学15栋', '2014-03-27', '<p style="margin-left:-53.9pt;"><strong>性格开朗，吃苦耐劳</strong>，有上进心，和喜欢挑战自己，具有良好的创新思维和实践能力。</p>\n\n<p style="margin-left:-53.9pt;"><strong>做事严谨，认真负责</strong>，戒骄戒躁，一直都保持积极的精神面貌。</p>\n\n<p style="margin-left:-53.9pt;"><strong>为人执着，脚踏实地</strong>，目标一旦确定便勇往直前。</p>\n\n<p style="margin-left:-53.9pt;"><strong>谦虚谨慎，善于沟通</strong>，经常参加社会实践活动，有较强的人际交往能力和团队合作精神。</p>\n\n<p style="margin-left:-53.9pt;"><strong>成绩优秀，名列前茅</strong>，并获得校二、三等奖学金。</p>\n\n<p style="margin-left:-53.9pt;"><strong>多才多艺，兴趣广泛</strong>，多次运动比赛和才艺大赛夺得第一。</p>\n', 'Common/img/StudentAvtor/default.jpg'),
(178, '等待更新', '等待更新', '0000-00-00', '等待更新', '等待更新', '等待更新', '等待更新', '等待更新', '等待更新', '等待更新', '等待更新', '2014-03-27', '等待更新', 'Common/img/StudentAvtor/default.jpg'),
(179, '等待更新', '等待更新', '0000-00-00', '等待更新', '等待更新', '等待更新', '等待更新', '等待更新', '等待更新', '等待更新', '等待更新', '2014-03-27', '等待更新', 'Common/img/StudentAvtor/default.jpg'),
(180, '等待更新', '等待更新', '0000-00-00', '等待更新', '等待更新', '等待更新', '等待更新', '等待更新', '等待更新', '等待更新', '等待更新', '2014-03-27', '等待更新', 'Common/img/StudentAvtor/default.jpg'),
(181, '等待更新', '等待更新', '0000-00-00', '等待更新', '等待更新', '等待更新', '等待更新', '等待更新', '等待更新', '等待更新', '等待更新', '2014-03-27', '等待更新', 'Common/img/StudentAvtor/default.jpg'),
(182, '等待更新', '等待更新', '0000-00-00', '等待更新', '等待更新', '等待更新', '等待更新', '等待更新', '等待更新', '等待更新', '等待更新', '2014-03-27', '等待更新', 'Common/img/StudentAvtor/default.jpg'),
(183, '等待更新', '等待更新', '0000-00-00', '等待更新', '等待更新', '等待更新', '等待更新', '等待更新', '等待更新', '等待更新', '等待更新', '2014-03-27', '等待更新', 'Common/img/StudentAvtor/default.jpg'),
(184, '杨华奇', '男', '1990-09-02', '本科', '身份证', '440883199009024517', '广州市番禺大学城广州大学B11栋433室', '541871045@qq.com', '15920102272', '共产党', '广州市番禺大学城广州大学B11栋433室', '2014-03-27', '<p>为人乐观开朗，抗压能力强，性格随和，有责任心，专业知识扎实并且具有团队合作精神。严于律己，性格开朗，诚实守信，谦虚好学，有强烈的责任感和集体荣誉感。在校期间努力学好各门科目，并取得优异的成绩；积极参加各种集体活动，在活动中展现自己的才能。本人积极上进，工作勤奋，不怕苦，具备较强的动手能力、学习能力、独立解决问题的能力及分析能力，优秀的职业素养和团队协作精神、敬业精神和团队精神。</p>\n\n<p>&nbsp;</p>\n', 'Common/img/StudentAvtor/default.jpg'),
(185, '等待更新', '等待更新', '0000-00-00', '等待更新', '等待更新', '等待更新', '等待更新', '等待更新', '等待更新', '等待更新', '等待更新', '2014-03-27', '等待更新', 'Common/img/StudentAvtor/default.jpg'),
(186, '等待更新', '等待更新', '0000-00-00', '等待更新', '等待更新', '等待更新', '等待更新', '等待更新', '等待更新', '等待更新', '等待更新', '2014-03-27', '等待更新', 'Common/img/StudentAvtor/default.jpg'),
(187, '刘凯忠', '男', '1991-04-09', '本科', '身份证', '441481199104092274', '广州天河', '124362659@qq.com', '15915764114', '等待更新', '龙口西576号', '2014-03-27', '<p>吃苦耐劳，工作主动积极，学习能力强，良好的团队协作精神，能够承受较大工作压力.吃苦耐劳，工作主动积极，学习能力强，良好的团队协作精神，能够承受较大工作压力.</p>\n', 'Common/img/StudentAvtor/default.jpg'),
(188, '刘煦阳', '男', '1992-01-13', '本科', '身份证', '430903199201133635', '广州大学城华南理工大学', 'l.xuyang@hotmail.com', '15018715754', '无', '广州大学城华南理工大学C12-219', '2014-03-27', '<table align="center" border="" cellpadding="0" cellspacing="0" width="">\n	<tbody>\n		<tr>\n			<td style="width:85px;">\n			<p>系统：</p>\n			</td>\n			<td style="width:558px;">\n			<p>&radic;精通Unix/Linux系统管理，熟悉Windows Server系统</p>\n			</td>\n		</tr>\n	</tbody>\n</table>\n\n<div style="clear:both;">&nbsp;</div>\n\n<p>&nbsp;</p>\n\n<table align="center" border="" cellpadding="0" cellspacing="0" width="">\n	<tbody>\n		<tr>\n			<td style="width:85px;">\n			<p>编程：</p>\n			</td>\n			<td style="width:558px;">\n			<p>&radic;有C++、Java编程基础，熟悉Shell脚本及sed &amp; awk的使用，了解Python</p>\n			</td>\n		</tr>\n		<tr>\n			<td style="width:85px;">\n			<p>网络：</p>\n			</td>\n			<td style="width:558px;">\n			<p>&radic;理解TCP/IP协议，熟悉Cisco路由交换配置和排错</p>\n			</td>\n		</tr>\n		<tr>\n			<td style="width:85px;">\n			<p>存储：</p>\n			</td>\n			<td style="width:558px;">\n			<p>&radic;熟悉各种存储架构（RAID，DAS，NAS，SAN，iSCSI等）的原理</p>\n			</td>\n		</tr>\n		<tr>\n			<td style="width:85px;">\n			<p>硬件：</p>\n			</td>\n			<td style="width:558px;">\n			<p>&radic;多年PC维护经验，对常见服务器和网络设备也有了解</p>\n			</td>\n		</tr>\n	</tbody>\n</table>\n\n<div style="clear:both;">&nbsp;</div>\n', 'Common/img/StudentAvtor/default.jpg'),
(189, '简杰', '男', '1990-01-24', '本科', '身份证', '450422199001240853', '广州市天河区岑村', '262641236@qq.com', '15919621287', '等待更新', '等待更新', '2014-03-27', '<p>等待更新</p>\n', 'Common/img/StudentAvtor/default.jpg'),
(190, '等待更新', '等待更新', '0000-00-00', '等待更新', '等待更新', '等待更新', '等待更新', '等待更新', '等待更新', '等待更新', '等待更新', '2014-03-27', '等待更新', 'Common/img/StudentAvtor/default.jpg'),
(191, '刘瑞婷', '女', '1990-12-07', '本科', '身份证', '445222199012071823', '广东省广州市天河区龙洞迎福路527号', '597990839@qq.com', '13580467892', '党员', '', '2014-03-27', '<p>本人热情开朗，吃苦耐劳，做事细心谨慎，学习能力强，易于接受新知识。思维敏捷，语言表达能力强；善于沟通，乐于助人，工作有责任感，具有团队合作精神。</p>\n', 'Common/img/StudentAvtor/5333818767db9.jpg'),
(192, '等待更新', '等待更新', '0000-00-00', '等待更新', '等待更新', '等待更新', '等待更新', '等待更新', '等待更新', '等待更新', '等待更新', '2014-03-27', '等待更新', 'Common/img/StudentAvtor/default.jpg'),
(193, '等待更新', '等待更新', '0000-00-00', '等待更新', '等待更新', '等待更新', '等待更新', '等待更新', '等待更新', '等待更新', '等待更新', '2014-03-27', '等待更新', 'Common/img/StudentAvtor/default.jpg'),
(194, '李宜嵩', '男', '1991-11-23', '本科', '身份证', '120108199111230015', '广州', '445493259@qq.com', '15989247933', '无', '广州市番禺区大学城华南理工大学', '2014-03-27', '<table align="center" border="" cellpadding="0" cellspacing="0" width="">\n	<tbody>\n		<tr>\n			<td style="width:582px;">\n			<p>曾在广州捷游公司进行游戏策划与运营向实习，并接受相应培训。阅读兴趣广泛，从古典文学，经典文言文，四大名著，诗词歌赋，到现代网络小说，各类科普文章，均在阅读范围之内。 有14年游戏游经验，11年网游经验，主要玩wow，dnf，梦幻西游等多款主流网游。 善于设计人物和场景，曾担任过班内几部话剧的编剧。 表达能力强，曾代表班级参加辩论比赛。</p>\n			</td>\n		</tr>\n	</tbody>\n</table>\n\n<div style="clear:both;">\n<div style="clear:both;">&nbsp;</div>\n</div>\n', 'Common/img/StudentAvtor/default.jpg'),
(195, '等待更新', '等待更新', '0000-00-00', '等待更新', '等待更新', '等待更新', '等待更新', '等待更新', '等待更新', '等待更新', '等待更新', '2014-03-27', '等待更新', 'Common/img/StudentAvtor/default.jpg'),
(196, '赵晋桐', '男', '1991-04-27', '本科', '身份证', '220106199104278636', '武汉', 'hippomirror@hotmail.com', '18771135545', '', '湖北省武汉市华中科技大学韵苑宿舍16栋', '2014-03-27', '<p>自中学起就十分喜欢游戏，从最早接触的2D回合制网游问道，休闲网游泡泡堂，到风靡至今的魔兽世界，近年接触的diablo3、剑灵、minecraft、沙盒类网游星战前夜，以及各类手机、metro、网页平台网游，可以说涉及的类型众多，范围很广。<br />\n在游戏时，不同于大部分人为了在游戏中寻找打打杀杀、天下无敌的成就感，我更倾向于探究整个游戏的结构组成、了解其游戏背景、探索其经济系统等。<br />\n玩游戏的同时，也喜欢利用课余时间，配合专业知识，写一些自娱自乐的小游戏，大二时期完成的具有人机对弈能力的五子棋便是一个例子。</p>\n', 'Common/img/StudentAvtor/default.jpg'),
(197, '陆佳文', '男', '1991-03-08', '本科', '身份证', '445221199103086899', '广州市海珠区新港西路135号中山大学', '826314771@qq.com', '15521150600', '无', '广州市海珠区新港西路135号中山大学园东区135栋', '2014-03-27', '<p>本人既不内向也不外向，有时容易沉默寡言有时又异常活跃。大学期间参加了许多社团活动和体育活动，其中，在青年科技协会担任公关部部长一职让我沟通能力得到了很好的锻炼。担任班长一职让我组织能力也得到很好的锻炼。尽管成绩平平，但是在同学们眼中却是个做事认真踏实靠谱的人，如果说有什么缺点的话，那就是有一点点不自信，还有一点完美主义，可能不知不觉对身边的人要求过高。</p>\n', 'Common/img/StudentAvtor/53338e93b214c.jpg'),
(198, '李文坚', '男', '1991-09-14', '本科', '身份证', '440104199109143739', '广州市越秀区', '359933265@qq.com', '15920598030', '', '', '2014-03-27', '<p style="margin-left:.05pt;">本人参加过学生会和其他协会的工作，获得优秀学生干部荣誉称号，积极参加学校举办的比赛，曾在ACM&ldquo;金山杯&rdquo;比赛中获得优胜奖，学校举办的H3C网络比赛中获得三等奖，工作认真负责，参加过几个项目的开发，同时积累了一定的团队合作精神。</p>\n\n<p style="margin-left:.05pt;">自学U3D开发有半年多时间了，能熟悉运用U3D里面的控件，能熟悉运用NGUI，了解shaderlab语言，能使用3DSMax和Photoshop进行简单的素材处理。</p>\n', 'Common/img/StudentAvtor/default.jpg'),
(199, '等待更新', '等待更新', '1991-02-01', '等待更新', '等待更新', '等待更新', '等待更新', '等待更新', '等待更新', '等待更新', '等待更新', '2014-03-27', '等待更新', 'Common/img/StudentAvtor/default.jpg'),
(200, '等待更新', '等待更新', '0000-00-00', '等待更新', '等待更新', '等待更新', '等待更新', '等待更新', '等待更新', '等待更新', '等待更新', '2014-03-27', '等待更新', 'Common/img/StudentAvtor/default.jpg'),
(201, '张昱', '男', '1992-03-10', '本科', '身份证', '440801199203100013', '广东省湛江市', '810736165@qq.com', '15902056993', '中共党员', '广东省广州市大学城中山大学至善园9号303宿舍', '2014-03-27', '<p>喜欢到不同的地方游历，增长见识。</p>\n\n<p>乐观开朗，总是以积极的态度面对生活。</p>\n\n<p>富有想象力，经常会有独特新奇的想法。</p>\n\n<p>脚踏实地，细致认真，有耐心，有责任感。</p>\n\n<p>善于沟通，有团队合作精神，注重人际关系的维护，能与他人很好地相处协作。</p>\n', 'Common/img/StudentAvtor/53338b10b87de.jpg'),
(202, '等待更新', '等待更新', '0000-00-00', '等待更新', '等待更新', '等待更新', '等待更新', '等待更新', '等待更新', '等待更新', '等待更新', '2014-03-27', '等待更新', 'Common/img/StudentAvtor/default.jpg'),
(203, '等待更新', '等待更新', '0000-00-00', '等待更新', '等待更新', '等待更新', '等待更新', '等待更新', '等待更新', '等待更新', '等待更新', '2014-03-27', '等待更新', 'Common/img/StudentAvtor/default.jpg'),
(204, '等待更新', '等待更新', '0000-00-00', '等待更新', '等待更新', '等待更新', '等待更新', '等待更新', '等待更新', '等待更新', '等待更新', '2014-03-27', '等待更新', 'Common/img/StudentAvtor/default.jpg'),
(205, '戴建强', '男', '1991-11-27', '研究生', '身份证', '420281199111274679', '广州', 'daijianqq@126.com', '15521151367', '', '广州市海珠区新港西路135号', '2014-03-27', '<p>（1）诚实勤快、为人坦率。言出必行实事求是，熟悉通信网络、信道、C++编程方面专业理论知识。</p>\n\n<p>（2）头脑灵活、身体健康。能快速适应新的工作环境。</p>\n\n<p>（3）爱好篮球（篮龄11年）、乒乓球、唱歌（参加各类演唱比赛）。</p>\n\n<p>（4）热爱生活、珍惜时光。渴望不断进步。</p>\n', 'Common/img/StudentAvtor/default.jpg'),
(206, '等待更新', '等待更新', '0000-00-00', '等待更新', '等待更新', '等待更新', '等待更新', '等待更新', '等待更新', '等待更新', '等待更新', '2014-03-27', '等待更新', 'Common/img/StudentAvtor/default.jpg'),
(207, '郭际洲', '男', '1987-07-25', '研究生', '身份证', '130703198707251536', '广州', '635650630@qq.com', '15087118784', '马列主义', '广州大学城', '2014-03-27', '<p>各位领导，您好!我的名字叫郭际洲，我是昆明理工大学计算机应用技术专业的应届毕业生，2014年6月我将顺利毕业并获得硕士学位。近期获知贵公司正在招聘人才，我自信通过我本科及研究生7年的学习会使我能胜任这一职位。<br />\n&nbsp;&nbsp;&nbsp;&nbsp; &nbsp;我掌握了扎实的计算机知识并具有较好的计算机应用及编程能力(本科期间曾获得省数学建模比赛二等奖，硕士期间参与过宽基线图像多维匹配方法研究项目（代码：14118365）这一国家基金项目，发表过数字图像分析与处理系统这一软著,现正致力于基于一维匹配的宽基线图像立体匹配方法的研究这一国家基金项目的算法研究)。我可以熟练的进行windows操作，并且能使用c/c++ 等语言进行编程，同时，对DirectX技术与windows游戏编程也有一定的了解。另外我还可以熟练使用vs2010，vs6.0 等计算机应用软件。<br />\n&nbsp;&nbsp;&nbsp;&nbsp;&nbsp; &nbsp;除此之外，我还具有较高的英语水平。不仅通过了国家英语六级的考试，还有出色的英语听说读写能力，并英语听力见长。 在大学期间，我参加过多次社会实践活动。<br />\n&nbsp;&nbsp;&nbsp;&nbsp;&nbsp; &nbsp;我深知自己缺少了&ldquo;名牌大学毕业生&rdquo;这一光环，因此，我付出了加倍的努力来弥补，以提高自己的竞争力。自己多年来的耕耘取得了收获，我自信自己已具备了争取就业机会的实力，而未来的事业更要靠自己去探索和拼搏。我很希望能加盟贵公司，并为贵公司的发展贡献自己的一份力量。现附上我的简历。如有机会与您面谈，我将十分感谢。</p>\n', 'Common/img/StudentAvtor/5333c4ecc6cee.jpg'),
(208, '等待更新', '男', '1992-04-08', '本科', '等待更新', '等待更新', '等待更新', '等待更新', '等待更新', '等待更新', '等待更新', '2014-03-27', '<p>等待更新</p>\n', 'Common/img/StudentAvtor/default.jpg'),
(209, '谢汝妍', '女', '1991-10-23', '本科', '身份证', '', '广东广州', 'aliceruyan@126.com', '15889966216', '等待更新', '广州海珠区赤沙路21号', '2014-03-27', '<p>拥有良好的沟通能力、协调能力、学习能力以及具有团队合作精神等，能迅速地适应工作环境，融入其中。能够承担工作压力，有良好的抗压能力和工作热情，做事认真仔细坚持积极有耐心。喜欢团队合作，渴望在工作中充分发挥自己的特长，和同事一起合作，共同努力，使任务圆满完成。能熟练使用计算机办公系统，英语口语读写流利，对于办公室日常事物的管理和人员的沟通颇有心得。&nbsp;</p>\n', 'Common/img/StudentAvtor/default.jpg'),
(210, '李嘉明', '男', '1991-02-27', '本科', '身份证', '等待更新', '广州', '1419912022@qq.com', '13288672234', '无', '华南理工大学北三宿舍', '2014-03-27', '<p>我是一个积极进取，用于拼搏的人</p>\n', 'Common/img/StudentAvtor/default.jpg'),
(211, '等待更新', '等待更新', '0000-00-00', '等待更新', '等待更新', '等待更新', '等待更新', '等待更新', '等待更新', '等待更新', '等待更新', '2014-03-27', '等待更新', 'Common/img/StudentAvtor/default.jpg'),
(212, '等待更新', '等待更新', '0000-00-00', '等待更新', '等待更新', '等待更新', '等待更新', '等待更新', '等待更新', '等待更新', '等待更新', '2014-04-03', '等待更新', 'Common/img/StudentAvtor/default.jpg'),
(213, '等待更新', '等待更新', '0000-00-00', '等待更新', '等待更新', '等待更新', '等待更新', '等待更新', '等待更新', '等待更新', '等待更新', '2014-04-04', '等待更新', 'Common/img/StudentAvtor/default.jpg'),
(214, '钟慧明', '男', '1990-08-31', '本科', '身份证', '441481199008312513', '广州', '13763370726@163.com', '13763370726', '法律', '广州大学城外环西路100号广东工业大学西区一栋227', '2014-04-05', '<p>热情开朗，诚实守信，积极进取，有强烈的责任心和良好的实践性，喜欢有挑战的事情，并且有一定的创新性。四年的兼职经历让我拥有良好的沟通能力，能清晰、准确的在团队成员中表达自己的想法。并富有激情、吃苦耐劳，能胜任重复性的工作。在平时生活中，喜欢下载、研究各种手机软件，还喜欢运动：如足球，跑步，羽毛球。我的座右铭是相信就是强大，怀疑只会抑制能力，而信仰就是力量。</p>\n', 'Common/img/StudentAvtor/533fc83bc100f.JPG'),
(215, '等待更新', '等待更新', '0000-00-00', '等待更新', '等待更新', '等待更新', '等待更新', '等待更新', '等待更新', '等待更新', '等待更新', '2014-04-06', '等待更新', 'Common/img/StudentAvtor/default.jpg'),
(216, '等待更新', '等待更新', '0000-00-00', '等待更新', '等待更新', '等待更新', '等待更新', '等待更新', '等待更新', '等待更新', '等待更新', '2014-04-06', '等待更新', 'Common/img/StudentAvtor/default.jpg');

-- --------------------------------------------------------

--
-- 表的结构 `think_singlejob`
--

CREATE TABLE IF NOT EXISTS `think_singlejob` (
  `jid` int(11) NOT NULL AUTO_INCREMENT,
  `cid` int(11) NOT NULL,
  `name` varchar(200) CHARACTER SET utf8 NOT NULL,
  `money` varchar(200) CHARACTER SET utf8 NOT NULL,
  `size` int(11) NOT NULL,
  `location` varchar(200) CHARACTER SET utf8 NOT NULL,
  `data` date NOT NULL,
  `statement` varchar(2000) CHARACTER SET utf8 NOT NULL,
  `resumenum` int(11) NOT NULL,
  `create_time` date NOT NULL,
  PRIMARY KEY (`jid`)
) ENGINE=InnoDB  DEFAULT CHARSET=latin1 AUTO_INCREMENT=100 ;

--
-- 转存表中的数据 `think_singlejob`
--

INSERT INTO `think_singlejob` (`jid`, `cid`, `name`, `money`, `size`, `location`, `data`, `statement`, `resumenum`, `create_time`) VALUES
(38, 8, '客户端开发工程师', '', 25, '广州', '0000-00-00', '<ul>\n	<li><span style="color: rgb(120, 120, 120); font-family: Arial, Helvetica, sans-serif, SimSum; font-weight: normal; line-height: 24px;"><strong>职位描述：</strong></span></li>\n</ul>\n\n<p><span style="', 3, '2014-03-24'),
(42, 9, 'C++服务端开发工程师', '5000-8000元', 10, '广州', '0000-00-00', '<ul>\n	<li><strong>工作职责：</strong></li>\n</ul>\n\n<ol>\n	<li>负责游戏功能系统的服务端开发工作；</li>\n	<li>协助系统架构师对服务器程序进行架构分析和软件设计；</li>\n	<li>主动跟进与处理所负责模块的bug。</li>\n</ol>\n\n<ul>\n	<li><strong>职位要求：</strong></li>\n</ul>\n\n<ol>\n	<li>本科或以上学历，1年以上实际使用C/C++经验；</li>\n	<li>熟悉常用的数据库编程，熟悉MYSQL佳；</li>\n	<li>熟悉Socket编程，熟悉Linux epoll编程。</li>\n</ol>\n\n<ul>\n	<li><strong>福利待遇</strong></li>\n</ul>\n\n<p><strong>（1）、基本工资各种奖金</strong></p>\n\n<ul>\n	<li><strong>基本工资：</strong>菲音为员工提供业内极具竞争性和吸引力的薪酬，另外，我们会根据公司业务发展状况和员工的业绩表现进行绩效评估并调整薪酬，每年有1-4次调薪机会；</li>\n	<li><strong>年底双薪：</strong>员工可以根据绩效考核的规定享受年底双薪；</li>\n	<li><strong>勤 奋 奖：</strong>菲音倡导奋进向上的文化，对于能够刻苦钻研工作的员工每个月给予奖励；</li>\n	<li><strong>业 绩 奖：</strong>每个月/季度你会有你的业绩分数，根据入职时间长短、工作能力、工作态度以及团队贡献度而定，年终分数换算成业绩奖金；</li>\n	<li><strong>其他奖金：</strong>除此之外，另设工龄奖、全勤奖、人才推荐奖等奖励。</li>\n</ul>\n\n<p><strong>（2）、其他福利汇总</strong></p>\n\n<ul>\n	<li><strong>基础福利：</strong>商业保险、五险一金、户口档案挂靠、法定节假日/婚产假；</li>\n	<li><strong>餐饮福利：</strong>自主多选三餐、饭后营养水果/奶制品、零食优购补贴；</li>\n	<li><strong>康体保健：</strong>年度健康体检、中西医健康讲座咨询、健身房/瑜伽房/球房;</li>\n	<li><strong>学习休闲：</strong>新生特训营、高频率内外部学习分享、图书阅览室、购书基金、小型电影放映室；</li>\n	<li><strong>交通环境：</strong>接驳班车、独栋写字楼、创意空间、空中花园、优美绿化；</li>\n	<li><strong>娱乐活动：</strong>月度部门活动、季度旅游素质拓展、各种爱好协会、内外联谊；</li>\n	<li><strong>节日福利：</strong>传统节日礼物、购物卡福利、结婚生育礼金、家属关怀礼。</li>\n</ul>\n', 2, '2014-03-24'),
(43, 9, 'Flash客户端开发工程师', '', 10, '广州', '0000-00-00', '<ul>\n	<li><strong>工作职责</strong>：</li>\n</ul>\n\n<ol>\n	<li>构建Webgame前端开发框架，负责前端页面的开发和维护；</li>\n	<li>和服务器端研讨技术实现方案，制定服务数据接口。</li>\n</ol>\n\n<ul>\n	<li><strong>职位要求</strong>：</li>\n</ul>\n\n<ol>\n	<li>熟悉ActionScript3程序技巧，以及常用内置类；</li>\n	<li>熟练掌握Flash Builder、Flash CS等IDE；</li>\n	<li>熟悉使用xml，熟悉socket协助开发；</li>\n	<li>对游戏的UI编写具有较强的实现能力。</li>\n</ol>\n\n<ul>\n	<li><strong>福利待遇</strong></li>\n</ul>\n\n<p><strong>（1）、基本工资各种奖金</strong></p>\n\n<ul>\n	<li><strong>基本工资：</strong>菲音为员工提供业内极具竞争性和吸引力的薪酬，另外，我们会根据公司业务发展状况和员工的业绩表现进行绩效评估并调整薪酬，每年有1-4次调薪机会；</li>\n	<li><strong>年底双薪：</strong>员工可以根据绩效考核的规定享受年底双薪；</li>\n	<li><strong>勤 奋 奖：</strong>菲音倡导奋进向上的文化，对于能够刻苦钻研工作的员工每个月给予奖励；</li>\n	<li><strong>业 绩 奖：</strong>每个月/季度你会有你的业绩分数，根据入职时间长短、工作能力、工作态度以及团队贡献度而定，年终分数换算成业绩奖金；</li>\n	<li><strong>其他奖金：</strong>除此之外，另设工龄奖、全勤奖、人才推荐奖等奖励。</li>\n</ul>\n\n<p><strong>（2）、其他福利汇总</strong></p>\n\n<ul>\n	<li><strong>基础福利：</strong>商业保险、五险一金、户口档案挂靠、法定节假日/婚产假；</li>\n	<li><strong>餐饮福利：</strong>自主多选三餐、饭后营养水果/奶制品、零食优购补贴；</li>\n	<li><strong>康体保健：</strong>年度健康体检、中西医健康讲座咨询、健身房/瑜伽房/球房;</li>\n	<li><strong>学习休闲：</strong>新生特训营、高频率内外部学习分享、图书阅览室、购书基金、小型电影放映室；</li>\n	<li><strong>交通环境：</strong>接驳班车、独栋写字楼、创意空间、空中花园、优美绿化；</li>\n	<li><strong>娱乐活动：</strong>月度部门活动、季度旅游素质拓展、各种爱好协会、内外联谊；</li>\n	<li><strong>节日福利：</strong>传统节日礼物、购物卡福利、结婚生育礼金、家属关怀礼。</li>\n</ul>\n', 0, '2014-03-24'),
(44, 9, 'PHP网页游戏开发工程师', '', 10, '广州', '0000-00-00', '<ul>\n	<li><strong>工作职责：</strong></li>\n</ul>\n\n<ol>\n	<li>使用PHP开发游戏后台管理系统；</li>\n	<li>开发游戏的各类接口程序，并对其进行调试、维护和升级；</li>\n	<li>与其他部门合作，开发游戏的相关功能；</li>\n	<li>游戏数据的统计分析与挖掘。</li>\n</ol>\n\n<ul>\n	<li><strong>职位要求：</strong></li>\n</ul>\n\n<ol>\n	<li>精通PHP+MYSQL编程，精通PHP的面向对象编程，能够独立编写中等规模PHP应用程序；</li>\n	<li>熟练使用XHTML、XML、JSON、JQuery、Javascript、Ajax、Smarty以及CSS；</li>\n	<li>熟悉（精通优先）MYSQL数据库开发、配置、维护、性能优化（MYSQL索引优化、查询优化、存储优化和配置优化等）；</li>\n	<li>熟悉PHP的各种缓存技术和静态化设计，熟悉MEMCACHE。</li>\n</ol>\n\n<p>&nbsp;</p>\n\n<ul>\n	<li><strong>福利待遇</strong></li>\n</ul>\n\n<p><strong>（1）、基本工资各种奖金</strong></p>\n\n<ul>\n	<li><strong>基本工资：</strong>菲音为员工提供业内极具竞争性和吸引力的薪酬，另外，我们会根据公司业务发展状况和员工的业绩表现进行绩效评估并调整薪酬，每年有1-4次调薪机会；</li>\n	<li><strong>年底双薪：</strong>员工可以根据绩效考核的规定享受年底双薪；</li>\n	<li><strong>勤 奋 奖：</strong>菲音倡导奋进向上的文化，对于能够刻苦钻研工作的员工每个月给予奖励；</li>\n	<li><strong>业 绩 奖：</strong>每个月/季度你会有你的业绩分数，根据入职时间长短、工作能力、工作态度以及团队贡献度而定，年终分数换算成业绩奖金；</li>\n	<li><strong>其他奖金：</strong>除此之外，另设工龄奖、全勤奖、人才推荐奖等奖励。</li>\n</ul>\n\n<p><strong>（2）、其他福利汇总</strong></p>\n\n<ul>\n	<li><strong>基础福利：</strong>商业保险、五险一金、户口档案挂靠、法定节假日/婚产假；</li>\n	<li><strong>餐饮福利：</strong>自主多选三餐、饭后营养水果/奶制品、零食优购补贴；</li>\n	<li><strong>康体保健：</strong>年度健康体检、中西医健康讲座咨询、健身房/瑜伽房/球房;</li>\n	<li><strong>学习休闲：</strong>新生特训营、高频率内外部学习分享、图书阅览室、购书基金、小型电影放映室；</li>\n	<li><strong>交通环境：</strong>接驳班车、独栋写字楼、创意空间、空中花园、优美绿化；</li>\n	<li><strong>娱乐活动：</strong>月度部门活动、季度旅游素质拓展、各种爱好协会、内外联谊；</li>\n</ul>\n\n<p><strong>节日福利：</strong>传统节日礼物、购物卡福利、结婚生育礼金、家属关怀礼。</p>\n', 1, '2014-03-24'),
(45, 9, '运维工程师', '', 8, '广州', '0000-00-00', '<ul>\n	<li><strong>工作职责：</strong></li>\n</ul>\n\n<ol>\n	<li>保证系统达到要求的线上标准，并实时关注，保证线上稳定；</li>\n	<li>游戏服务器与客户端的维护、更新和升级，做好数据库冗灾准备；</li>\n	<li>系统各层面监控、统计的覆盖度，软件、硬件、运行状态，并能实时了解应用的运转情况；</li>\n	<li>对服务器的网络环境进行评估，实时掌握网络状况、网络排故。</li>\n</ol>\n\n<ul>\n	<li><strong>职位要求：</strong></li>\n</ul>\n\n<ol>\n	<li>本科及以上学历，计算机相关专业；</li>\n	<li>熟悉Linux/Unix操作系统的维护；</li>\n	<li>熟悉MySQL配置、维护，调优，排错；</li>\n	<li>熟悉Shell编程，必须掌握PHP或Python语言。</li>\n</ol>\n\n<p>&nbsp;</p>\n\n<ul>\n	<li><strong>福利待遇</strong></li>\n</ul>\n\n<p><strong>（1）、基本工资各种奖金</strong></p>\n\n<ul>\n	<li><strong>基本工资：</strong>菲音为员工提供业内极具竞争性和吸引力的薪酬，另外，我们会根据公司业务发展状况和员工的业绩表现进行绩效评估并调整薪酬，每年有1-4次调薪机会；</li>\n	<li><strong>年底双薪：</strong>员工可以根据绩效考核的规定享受年底双薪；</li>\n	<li><strong>勤 奋 奖：</strong>菲音倡导奋进向上的文化，对于能够刻苦钻研工作的员工每个月给予奖励；</li>\n	<li><strong>业 绩 奖：</strong>每个月/季度你会有你的业绩分数，根据入职时间长短、工作能力、工作态度以及团队贡献度而定，年终分数换算成业绩奖金；</li>\n	<li><strong>其他奖金：</strong>除此之外，另设工龄奖、全勤奖、人才推荐奖等奖励。</li>\n</ul>\n\n<p><strong>（2）、其他福利汇总</strong></p>\n\n<ul>\n	<li><strong>基础福利：</strong>商业保险、五险一金、户口档案挂靠、法定节假日/婚产假；</li>\n	<li><strong>餐饮福利：</strong>自主多选三餐、饭后营养水果/奶制品、零食优购补贴；</li>\n	<li><strong>康体保健：</strong>年度健康体检、中西医健康讲座咨询、健身房/瑜伽房/球房;</li>\n	<li><strong>学习休闲：</strong>新生特训营、高频率内外部学习分享、图书阅览室、购书基金、小型电影放映室；</li>\n	<li><strong>交通环境：</strong>接驳班车、独栋写字楼、创意空间、空中花园、优美绿化；</li>\n	<li><strong>娱乐活动：</strong>月度部门活动、季度旅游素质拓展、各种爱好协会、内外联谊；</li>\n	<li><strong>节日福利：</strong>传统节日礼物、购物卡福利、结婚生育礼金、家属关怀礼。</li>\n</ul>\n', 1, '2014-03-24'),
(46, 9, '游戏策划', '', 10, '广州', '0000-00-00', '<ul>\n	<li><strong>工作职责：</strong></li>\n</ul>\n\n<ol>\n	<li>包括但不限于游戏系统和功能设计、游戏世界观设定、任务剧情编写、游戏数值设定等；</li>\n	<li>根据游戏世界观和剧情需要以及美术资源需求，设定能支持游戏的系统和各种玩法，制作游戏剧情并跟进相关美术制作。</li>\n</ol>\n\n<ul>\n	<li><strong>职位要求：</strong></li>\n</ul>\n\n<ol>\n	<li>两年以上游戏史，对至少一款国产网游有过深入的研究，熟悉玩家心理，理解各类用户群游戏需求；</li>\n	<li>熟悉并接触过多款知名游戏，能理性分析总结其优缺点、游戏规则和运营机制；</li>\n	<li>对游戏平衡性、数值方面有深入研究和偏好者优先。</li>\n</ol>\n\n<p>&nbsp;</p>\n\n<p><strong>福利待遇</strong></p>\n\n<p><strong>（1）、基本工资各种奖金</strong></p>\n\n<ul>\n	<li><strong>基本工资：</strong>菲音为员工提供业内极具竞争性和吸引力的薪酬，另外，我们会根据公司业务发展状况和员工的业绩表现进行绩效评估并调整薪酬，每年有1-4次调薪机会；</li>\n	<li><strong>年底双薪：</strong>员工可以根据绩效考核的规定享受年底双薪；</li>\n	<li><strong>勤 奋 奖：</strong>菲音倡导奋进向上的文化，对于能够刻苦钻研工作的员工每个月给予奖励；</li>\n	<li><strong>业 绩 奖：</strong>每个月/季度你会有你的业绩分数，根据入职时间长短、工作能力、工作态度以及团队贡献度而定，年终分数换算成业绩奖金；</li>\n	<li><strong>其他奖金：</strong>除此之外，另设工龄奖、全勤奖、人才推荐奖等奖励。</li>\n</ul>\n\n<p><strong>（2）、其他福利汇总</strong></p>\n\n<ul>\n	<li><strong>基础福利：</strong>商业保险、五险一金、户口档案挂靠、法定节假日/婚产假；</li>\n	<li><strong>餐饮福利：</strong>自主多选三餐、饭后营养水果/奶制品、零食优购补贴；</li>\n	<li><strong>康体保健：</strong>年度健康体检、中西医健康讲座咨询、健身房/瑜伽房/球房;</li>\n	<li><strong>学习休闲：</strong>新生特训营、高频率内外部学习分享、图书阅览室、购书基金、小型电影放映室；</li>\n	<li><strong>交通环境：</strong>接驳班车、独栋写字楼、创意空间、空中花园、优美绿化；</li>\n	<li><strong>娱乐活动：</strong>月度部门活动、季度旅游素质拓展、各种爱好协会、内外联谊；</li>\n	<li><strong>节日福利：</strong>传统节日礼物、购物卡福利、结婚生育礼金、家属关怀礼。</li>\n</ul>\n', 7, '2014-03-24'),
(47, 9, '游戏测试', '', 10, '广州', '0000-00-00', '<ul>\n	<li><strong>工作职责：</strong></li>\n</ul>\n\n<ol>\n	<li>负责游戏规则、功能与界面测试；</li>\n	<li>负责反馈游戏可玩性、易玩性和系统性能，特别是用户体验方面；</li>\n	<li>编写与分析游戏测试大纲、游戏测试用例、模块测试报告；</li>\n</ol>\n\n<ul>\n	<li><strong>职位要求：</strong></li>\n</ul>\n\n<ol>\n	<li>本科及以上学历，计算机相关专业；</li>\n	<li>对游戏有足够热情和深入研究 ；</li>\n	<li>熟悉软件开发生命周期、熟悉测试流程和方法。</li>\n</ol>\n\n<p>&nbsp;</p>\n\n<ul>\n	<li><strong>福利待遇</strong></li>\n</ul>\n\n<p><strong>（1）、基本工资各种奖金</strong></p>\n\n<ul>\n	<li><strong>基本工资：</strong>菲音为员工提供业内极具竞争性和吸引力的薪酬，另外，我们会根据公司业务发展状况和员工的业绩表现进行绩效评估并调整薪酬，每年有1-4次调薪机会；</li>\n	<li><strong>年底双薪：</strong>员工可以根据绩效考核的规定享受年底双薪；</li>\n	<li><strong>勤 奋 奖：</strong>菲音倡导奋进向上的文化，对于能够刻苦钻研工作的员工每个月给予奖励；</li>\n	<li><strong>业 绩 奖：</strong>每个月/季度你会有你的业绩分数，根据入职时间长短、工作能力、工作态度以及团队贡献度而定，年终分数换算成业绩奖金；</li>\n	<li><strong>其他奖金：</strong>除此之外，另设工龄奖、全勤奖、人才推荐奖等奖励。</li>\n</ul>\n\n<p><strong>（2）、其他福利汇总</strong></p>\n\n<ul>\n	<li><strong>基础福利：</strong>商业保险、五险一金、户口档案挂靠、法定节假日/婚产假；</li>\n	<li><strong>餐饮福利：</strong>自主多选三餐、饭后营养水果/奶制品、零食优购补贴；</li>\n	<li><strong>康体保健：</strong>年度健康体检、中西医健康讲座咨询、健身房/瑜伽房/球房;</li>\n	<li><strong>学习休闲：</strong>新生特训营、高频率内外部学习分享、图书阅览室、购书基金、小型电影放映室；</li>\n	<li><strong>交通环境：</strong>接驳班车、独栋写字楼、创意空间、空中花园、优美绿化；</li>\n	<li><strong>娱乐活动：</strong>月度部门活动、季度旅游素质拓展、各种爱好协会、内外联谊；</li>\n</ul>\n\n<p><strong>节日福利：</strong>传统节日礼物、购物卡福利、结婚生育礼金、家属关怀礼。</p>\n', 5, '2014-03-24'),
(48, 9, '游戏运营', '', 10, '广州', '0000-00-00', '<ul>\n	<li><strong>工作职责 </strong></li>\n</ul>\n\n<ol>\n	<li>协助玩家解决游戏过程中遇到的各种问题；</li>\n	<li>与运营方深入沟通，对不同运营平台提交的运营需求信息进行判断、分析，灵活处理用户及运营商的请求；</li>\n	<li>对游戏产品及流程问题进行总结，提出改善建议。</li>\n</ol>\n\n<ul>\n	<li><strong>职位要求</strong></li>\n</ul>\n\n<ol>\n	<li>本科以上学历，专业不限，文笔好，有活动策划能力者优先；</li>\n	<li>熟悉并热爱游戏行业，具有两年以上的网游经验；</li>\n	<li>熟练操作计算机及office系列软件。</li>\n</ol>\n\n<p>&nbsp;</p>\n\n<ul>\n	<li><strong>福利待遇</strong></li>\n</ul>\n\n<p><strong>（1）、基本工资各种奖金</strong></p>\n\n<ul>\n	<li><strong>基本工资：</strong>菲音为员工提供业内极具竞争性和吸引力的薪酬，另外，我们会根据公司业务发展状况和员工的业绩表现进行绩效评估并调整薪酬，每年有1-4次调薪机会；</li>\n	<li><strong>年底双薪：</strong>员工可以根据绩效考核的规定享受年底双薪；</li>\n	<li><strong>勤 奋 奖：</strong>菲音倡导奋进向上的文化，对于能够刻苦钻研工作的员工每个月给予奖励；</li>\n	<li><strong>业 绩 奖：</strong>每个月/季度你会有你的业绩分数，根据入职时间长短、工作能力、工作态度以及团队贡献度而定，年终分数换算成业绩奖金；</li>\n	<li><strong>其他奖金：</strong>除此之外，另设工龄奖、全勤奖、人才推荐奖等奖励。</li>\n</ul>\n\n<p><strong>（2）、其他福利汇总</strong></p>\n\n<ul>\n	<li><strong>基础福利：</strong>商业保险、五险一金、户口档案挂靠、法定节假日/婚产假；</li>\n	<li><strong>餐饮福利：</strong>自主多选三餐、饭后营养水果/奶制品、零食优购补贴；</li>\n	<li><strong>康体保健：</strong>年度健康体检、中西医健康讲座咨询、健身房/瑜伽房/球房;</li>\n	<li><strong>学习休闲：</strong>新生特训营、高频率内外部学习分享、图书阅览室、购书基金、小型电影放映室；</li>\n	<li><strong>交通环境：</strong>接驳班车、独栋写字楼、创意空间、空中花园、优美绿化；</li>\n	<li><strong>娱乐活动：</strong>月度部门活动、季度旅游素质拓展、各种爱好协会、内外联谊；</li>\n</ul>\n\n<p><strong>节日福利：</strong>传统节日礼物、购物卡福利、结婚生育礼金、家属关怀礼。</p>\n', 5, '2014-03-24'),
(49, 9, '商务助理', '', 2, '广州', '0000-00-00', '<ul>\n	<li><strong>工作职责 </strong></li>\n</ul>\n\n<p align="left">1、 协助处理日常商务事务，合同审阅、跟进以及合同文件编制、归档管理；<br />\n2、 协助进行商务合作洽谈，挖掘潜力合作方以及合作跟进；<br />\n3、 客户关系维护及客户资源的系统化收集和管理；<br />\n4、 了解行业动态，调查并收集行业资讯、市场信息；<br />\n5、 项目合作中的对内对外的协调、衔接工作；<br />\n6、 其他商务、市场相关的工作。</p>\n\n<p align="left"><strong>岗位要求：</strong></p>\n\n<p align="left">1、全日制本科以上学历，专业不限，经济管理类专业优先；<br />\n2、热爱互联网行业，对游戏有一定兴趣可优先考虑；<br />\n3、出色的沟通表达能力及商务拓展能力，具备较强的市场意识；<br />\n4、个性开朗、积极好学、细心严谨、执行力强</p>\n\n<p align="left">&nbsp;</p>\n\n<ul>\n	<li><strong>福利待遇</strong></li>\n</ul>\n\n<p><strong>（1）、基本工资各种奖金</strong></p>\n\n<ul>\n	<li><strong>基本工资：</strong>菲音为员工提供业内极具竞争性和吸引力的薪酬，另外，我们会根据公司业务发展状况和员工的业绩表现进行绩效评估并调整薪酬，每年有1-4次调薪机会；</li>\n	<li><strong>年底双薪：</strong>员工可以根据绩效考核的规定享受年底双薪；</li>\n	<li><strong>勤 奋 奖：</strong>菲音倡导奋进向上的文化，对于能够刻苦钻研工作的员工每个月给予奖励；</li>\n	<li><strong>业 绩 奖：</strong>每个月/季度你会有你的业绩分数，根据入职时间长短、工作能力、工作态度以及团队贡献度而定，年终分数换算成业绩奖金；</li>\n	<li><strong>其他奖金：</strong>除此之外，另设工龄奖、全勤奖、人才推荐奖等奖励。</li>\n</ul>\n\n<p><strong>（2）、其他福利汇总</strong></p>\n\n<ul>\n	<li><strong>基础福利：</strong>商业保险、五险一金、户口档案挂靠、法定节假日/婚产假；</li>\n	<li><strong>餐饮福利：</strong>自主多选三餐、饭后营养水果/奶制品、零食优购补贴；</li>\n	<li><strong>康体保健：</strong>年度健康体检、中西医健康讲座咨询、健身房/瑜伽房/球房;</li>\n	<li><strong>学习休闲：</strong>新生特训营、高频率内外部学习分享、图书阅览室、购书基金、小型电影放映室；</li>\n	<li><strong>交通环境：</strong>接驳班车、独栋写字楼、创意空间、空中花园、优美绿化；</li>\n	<li><strong>娱乐活动：</strong>月度部门活动、季度旅游素质拓展、各种爱好协会、内外联谊；</li>\n	<li><strong>节日福利：</strong>传统节日礼物、购物卡福利、结婚生育礼金、家属关怀礼。</li>\n</ul>\n', 3, '2014-03-24'),
(50, 9, '游戏美术设计师（长期招聘）', '', 30, '广州', '0000-00-00', '<p><strong>2D</strong><strong>类职位:2D角色原画师,2D场景原画师,2D场景规划师,2D场景修图师,UI界面设计师,网页设计师</strong></p>\n\n<p><strong>3D</strong><strong>类职位：3D角色师，3D场景师，3D动作师，游戏特效设计师</strong></p>\n\n<p>&nbsp;</p>\n\n<ul>\n	<li><strong>职位要求</strong></li>\n</ul>\n\n<ol>\n	<li>大专以上学历，美术相关专业，功底扎实，有创作激情与灵感，尤其是在游戏美术创作方面；</li>\n	<li>熟练应用3DMAX,Photoshop，Painter，AL等绘画、图形图像软件；</li>\n	<li>做事认真细致，吃苦耐劳，精益求精，严于律己，具有高度责任感和团队合作精神；</li>\n	<li>热爱游戏行业，并有一定了解，具备对游戏美术设计的见解和思路为最佳；</li>\n	<li>适应能力强，能在短时间适应多种风格，有游戏制作经验者优先。</li>\n</ol>\n\n<p>&nbsp;</p>\n\n<ul>\n	<li><strong>福利待遇</strong></li>\n</ul>\n\n<p><strong>（1）、基本工资各种奖金</strong></p>\n\n<ul>\n	<li><strong>基本工资：</strong>菲音为员工提供业内极具竞争性和吸引力的薪酬，另外，我们会根据公司业务发展状况和员工的业绩表现进行绩效评估并调整薪酬，每年有1-4次调薪机会；</li>\n	<li><strong>年底双薪：</strong>员工可以根据绩效考核的规定享受年底双薪；</li>\n	<li><strong>勤 奋 奖：</strong>菲音倡导奋进向上的文化，对于能够刻苦钻研工作的员工每个月给予奖励；</li>\n	<li><strong>业 绩 奖：</strong>每个月/季度你会有你的业绩分数，根据入职时间长短、工作能力、工作态度以及团队贡献度而定，年终分数换算成业绩奖金；</li>\n	<li><strong>其他奖金：</strong>除此之外，另设工龄奖、全勤奖、人才推荐奖等奖励。</li>\n</ul>\n\n<p><strong>（2）、其他福利汇总</strong></p>\n\n<ul>\n	<li><strong>基础福利：</strong>商业保险、五险一金、户口档案挂靠、法定节假日/婚产假；</li>\n	<li><strong>餐饮福利：</strong>自主多选三餐、饭后营养水果/奶制品、零食优购补贴；</li>\n	<li><strong>康体保健：</strong>年度健康体检、中西医健康讲座咨询、健身房/瑜伽房/球房;</li>\n	<li><strong>学习休闲：</strong>新生特训营、高频率内外部学习分享、图书阅览室、购书基金、小型电影放映室；</li>\n	<li><strong>交通环境：</strong>接驳班车、独栋写字楼、创意空间、空中花园、优美绿化；</li>\n	<li><strong>娱乐活动：</strong>月度部门活动、季度旅游素质拓展、各种爱好协会、内外联谊；</li>\n	<li><strong>节日福利：</strong>传统节日礼物、购物卡福利、结婚生育礼金、家属关怀礼。</li>\n</ul>\n\n<p>&nbsp;</p>\n', 2, '2014-03-25'),
(51, 7, '.net软件工程师（南方海岸）', '', 10, '广州', '0000-00-00', '<p><strong>职责：</strong></p>\n\n<p>1. 参与编写项目相关技术文档；</p>\n\n<p>2. 参与应用软件设计、开发任务，能独立地进行软件设计、编码和调试；</p>\n\n<p>3. 能按照需求和设计文档开发指定的功能模块；</p>\n\n<p>4. 参与系统和模块的测试、实施工作。</p>\n\n<p>&nbsp;</p>\n\n<p><strong>要求：</strong></p>\n\n<ol>\n	<li>本科或以上学历，计算机、软件工程相关专业；</li>\n	<li>精通Asp.net MVC、C#、Spring、iBatis/NHibernate；</li>\n	<li>精通Xunit.net等单元测试工具；</li>\n	<li>精通Javascript、ExtJs、JQuery等前端技术；</li>\n	<li>精通IIS的应用部署和配置；</li>\n	<li>精通SQL Server、Oracle数据库；</li>\n	<li>有基于Microsoft .Net的团队开发经验的优先考虑；</li>\n	<li>具有良好的编程习惯、文档书写习惯、较强的学习能力和解决问题的能力。</li>\n</ol>\n\n<p>&nbsp;</p>\n\n<p>备注：此职位属于海格通信集团下属子公司广东南方海岸科技服务有限公司，上班地点在广州市海珠区滨江西路。</p>\n', 0, '2014-03-25'),
(52, 7, 'Java软件工程师（南方海岸）', '', 10, '广州', '0000-00-00', '<p><strong>职责：</strong></p>\n\n<p>1. 参与编写项目相关技术文档；</p>\n\n<p>2. 参与应用软件设计、开发任务，能独立地进行软件设计、编码和调试；</p>\n\n<p>3. 能按照需求和设计文档开发指定的功能模块；</p>\n\n<p>4. 参与系统和模块的测试、实施工作。</p>\n\n<p>&nbsp;</p>\n\n<p><strong>要求：</strong></p>\n\n<ol>\n	<li>本科或以上学历，计算机、软件工程相关专业；</li>\n	<li>熟练掌握MVC，精通Spring、Struts、Ibatis/Hibernate；</li>\n	<li>熟悉Junit等单元测试工具；</li>\n	<li>精通Tomcat、Weblogic等至少一种应用服务器的应用部署和配置；</li>\n	<li>精通Javascript、ExtJs、JQuery等前端技术；</li>\n	<li>精通Oracle、SQL Server数据库；</li>\n	<li>有基于Java团队开发经验的优先考虑；</li>\n	<li>具有良好的编程习惯、文档书写习惯、较强的学习能力和解决问题的能力。</li>\n</ol>\n\n<p>&nbsp;</p>\n\n<p>福利待遇：</p>\n\n<ol>\n	<li value="NaN">公司提供有市场竞争力的薪酬福利；</li>\n	<li value="NaN">工作时间：周一至周五，双休；</li>\n	<li value="NaN">社保、公积金、商业保险；</li>\n	<li value="NaN">享受国家法定带薪年假，节假日休假；</li>\n	<li value="NaN">年度旅游，节日慰问等员工福利。</li>\n</ol>\n', 0, '2014-03-25'),
(53, 16, '产品培训生', '', 10, '广州', '0000-00-00', '<p><strong>岗位职责：</strong></p>\n\n<p>分析用户需求，设计产品的功能特性和交互方式，撰写产品需求文档，持续改善产品用户体验。</p>\n\n<p><strong>任职资格： </strong></p>\n\n<p>&gt;&gt; 大学本科及以上学历，不限学校，不限专业；</p>\n\n<p>&gt;&gt; 热爱互联网产品，关注互联网动态和趋势；</p>\n\n<p>&gt;&gt; 具备良好的逻辑分析及沟通表达能力，懂得团队合作；</p>\n\n<p>&gt;&gt; 毕业时间在2014年7月，并且在此前的全职工作时间不超过1年。</p>\n\n<p>&nbsp;</p>\n\n<p><strong>技术培训生</strong></p>\n\n<p><strong>岗位职责：</strong></p>\n\n<p>提供成为技术核心的机会，可选择的培养方向有：手机开发、服务器开发、客户端开发、web网站平台、其他计算机相关方向。</p>\n\n<p><strong>任职资格： </strong></p>\n\n<p>&gt;&gt; 大学本科及以上学历，计算机相关专业；</p>\n\n<p>&gt;&gt; 具备良好的逻辑分析思维、扎实的计算机专业基础；</p>\n\n<p>&gt;&gt; 具备良好的团队合作意识，抗压能力强；</p>\n\n<p>&gt;&gt; 毕业时间在2014年7月，并且在此前的全职工作时间不超过1年。</p>\n', 7, '2014-03-25'),
(54, 16, '技术培训生', '', 10, '广州', '0000-00-00', '<p><strong>岗位职责：</strong></p>\n\n<p>提供成为技术核心的机会，可选择的培养方向有：手机开发、服务器开发、客户端开发、web网站平台、其他计算机相关方向。</p>\n\n<p><strong>任职资格： </strong></p>\n\n<p>&gt;&gt; 大学本科及以上学历，计算机相关专业；</p>\n\n<p>&gt;&gt; 具备良好的逻辑分析思维、扎实的计算机专业基础；</p>\n\n<p>&gt;&gt; 具备良好的团队合作意识，抗压能力强；</p>\n\n<p>&gt;&gt; 毕业时间在2013年7月，并且在此前的全职工作时间不超过1年。</p>\n\n<p>&nbsp;</p>\n\n<p><strong>福利待遇：</strong></p>\n\n<p>具备竞争力的薪酬</p>\n\n<p>良好的晋升空间</p>\n\n<p>购买五险一金+商业意外险</p>\n\n<p>提供早晚餐+午餐补贴</p>\n\n<p>不定期的员工活动</p>\n\n<p>舒适的办公环境+动人的音乐</p>\n\n<p>&nbsp;</p>\n', 8, '2014-03-25'),
(55, 8, '服务端开发工程师', '', 25, '广州', '0000-00-00', '<p style="margin-bottom: 0px; padding: 0px; border-color: rgb(153, 153, 153); color: rgb(120, 120, 120); font-family: Arial, Helvetica, sans-serif, SimSum; font-size: 12px; font-weight: normal; line-height: 24px;"><span style="font-size: 14px;"><strong>职位描述：</strong><br />\n使用Erlang语言进行游戏服务端开发工作，参与高并发、高稳定、高扩展、高性能的服务端应用开发，不仅仅是游戏哦！<br />\n<br />\n<strong>职位要求：</strong>&nbsp;<br />\n1. 本科学历，计算机、数学系相关专业（亦欢迎非计算机专业自学者）；<br />\n2. 熟悉常用的数据结构与算法，逻辑思维清晰，能阅读英文技术文档；<br />\n3. 熟悉任意一门编程语言，基本掌握常见的socket开发模型，对多进程、多线程、分布式系统有基本的认知；<br />\n4. 熟悉Unix/Linux系统者优先；<br />\n5. 熟悉Shell脚本者优先；<br />\n6. 热爱游戏、热爱开发、喜欢挑战。</span></p>\n\n<div>&nbsp;</div>\n', 0, '2014-03-25'),
(56, 8, 'PHP开发工程师', '', 5, '广州', '0000-00-00', '<p><strong style="color: rgb(120, 120, 120); font-family: Arial, Helvetica, sans-serif, SimSum; line-height: 24px;">职位描述：</strong><br />\n<span style="color: rgb(120, 120, 120); font-family: Arial, Helvetica, sans-serif, SimSum; font-weight: normal; line-height: 24px;">&nbsp;1、从事数据中心、游戏运营后台等相关功能的开发；&nbsp;</span><br style="color: rgb(120, 120, 120); font-family: Arial, Helvetica, sans-serif, SimSum; font-weight: normal; line-height: 24px;" />\n<span style="color: rgb(120, 120, 120); font-family: Arial, Helvetica, sans-serif, SimSum; font-weight: normal; line-height: 24px;">2、根据公司产品发展方向，开发新系统；</span><br style="color: rgb(120, 120, 120); font-family: Arial, Helvetica, sans-serif, SimSum; font-weight: normal; line-height: 24px;" />\n<span style="color: rgb(120, 120, 120); font-family: Arial, Helvetica, sans-serif, SimSum; font-weight: normal; line-height: 24px;">3、参与到十到百亿级别数据调优、web全自动化挑战！</span><br style="color: rgb(120, 120, 120); font-family: Arial, Helvetica, sans-serif, SimSum; font-weight: normal; line-height: 24px;" />\n<br style="color: rgb(120, 120, 120); font-family: Arial, Helvetica, sans-serif, SimSum; font-weight: normal; line-height: 24px;" />\n<strong style="color: rgb(120, 120, 120); font-family: Arial, Helvetica, sans-serif, SimSum; line-height: 24px;">职位要求：</strong><span style="color: rgb(120, 120, 120); font-family: Arial, Helvetica, sans-serif, SimSum; font-weight: normal; line-height: 24px;">&nbsp;</span><br style="color: rgb(120, 120, 120); font-family: Arial, Helvetica, sans-serif, SimSum; font-weight: normal; line-height: 24px;" />\n<span style="color: rgb(120, 120, 120); font-family: Arial, Helvetica, sans-serif, SimSum; font-weight: normal; line-height: 24px;">1、本科学历，计算机相关专业；</span><br style="color: rgb(120, 120, 120); font-family: Arial, Helvetica, sans-serif, SimSum; font-weight: normal; line-height: 24px;" />\n<span style="color: rgb(120, 120, 120); font-family: Arial, Helvetica, sans-serif, SimSum; font-weight: normal; line-height: 24px;">2、精通php的面', 0, '2014-03-25'),
(57, 8, 'Python开发工程师', '', 5, '广州', '0000-00-00', '<p><strong style="color: rgb(120, 120, 120); font-family: Arial, Helvetica, sans-serif, SimSum; line-height: 24px;">职位描述：</strong><br style="color: rgb(120, 120, 120); font-family: Arial, Helvetica, sans-serif, SimSum; font-weight: normal; line-height: 24px;" />\n<span style="color: rgb(120, 120, 120); font-family: Arial, Helvetica, sans-serif, SimSum; font-weight: normal; line-height: 24px;">自动化运维平台建设&nbsp;</span><br style="color: rgb(120, 120, 120); font-family: Arial, Helvetica, sans-serif, SimSum; font-weight: normal; line-height: 24px;" />\n<br style="color: rgb(120, 120, 120); font-family: Arial, Helvetica, sans-serif, SimSum; font-weight: normal; line-height: 24px;" />\n<strong style="color: rgb(120, 120, 120); font-family: Arial, Helvetica, sans-serif, SimSum; line-height: 24px;">职位要求：&nbsp;</strong><br style="color: rgb(120, 120, 120); font-family: Arial, Helvetica, sans-serif, SimSum; font-weight: normal; line-height: 24px;" />\n<span style="color: rgb(120, 120, 120); font-family: Arial, Helvetica, sans-serif, SimSum; font-weight: normal; line-height: 24px;">1、本科学历，计算机相关专业；&nbsp;</span><br style="color: rgb(120, 120, 120); font-family: Arial, Helvetica, sans-serif, SimSum; font-weight: normal; line-height: 24px;" />\n<span style="color: rgb(120, 120, 120); font-family: Arial, Helvetica, sans-serif, SimSum; font-weight: normal; line-height: 24px;">2、熟悉任意一种Python框架（Django/Twisted/Tornado/Web.py等），熟悉SaltStack尤佳，了解MySQL、Redis；</span><br style="color: rgb(120, 120, 120); font-family: Arial, Helvetica, sans-serif, SimSum; font-weight: normal; line-height: 24px;" />\n<span style="color: rgb(120, 120, 120); font-family: Arial, Helvetica, sans-serif, SimSum; font-weight: normal; line-height: 24px;">3、熟悉Linux操作系统，了解Linux下shell编程；</span><br style="color: rgb(120, 120, 120); font-family: Arial, Helvetica, sans-serif, SimSum; font-weight: normal; line-height: 24px;" />\n<span style="color: rgb(120, 120, 120); font-family: Arial, Helvetica, sans-serif, SimSum; font-weight: nor', 0, '2014-03-25'),
(58, 8, '执行策划', '', 15, '广州', '0000-00-00', '<p><strong style="color: rgb(120, 120, 120); font-family: Arial, Helvetica, sans-serif, SimSum; font-size: 12px; line-height: 24px;"><span style="font-size: 14px;">职位描述：&nbsp;</span></strong><br />\n<span style="color: rgb(120, 120, 120); font-family: Arial, Helvetica, sans-serif, SimSum; font-weight: normal; line-height: 24px;">1、跟进功能开发，配合程序与美术完成开发过程 ；<br />\n2、整理游戏资源，配置文件、脚本、表格设计填写和维护 ；<br />\n3、参与设计及完善游戏中各项功能玩法 。<br />\n<br />\n<b>职位要求：</b><br />\n1、本科学历，理工科专业优先；&nbsp;<br />\n2、有两年以上游戏经历，熟悉并接触过多款知名游戏，能理性分析总结其游戏规则、优缺点；&nbsp;<br />\n3、逻辑思维能力强，积极主动、强烈的责任心、能够承受高强度的工作压力。</span></p>\n', 5, '2014-03-25'),
(59, 8, '文案策划', '', 8, '广州', '0000-00-00', '<p><strong style="color: rgb(120, 120, 120); font-family: Arial, Helvetica, sans-serif, SimSum; font-size: 12px; line-height: 24px;"><span style="font-size: 14px;">职位描述：</span></strong><br />\n<span style="color: rgb(120, 120, 120); font-family: Arial, Helvetica, sans-serif, SimSum; font-weight: normal; line-height: 24px;">1、参与搭建游戏世界观，创作故事剧本，编写任务，编辑和完善游戏中各类文字;<br />\n2、整理游戏资源，配置文件、脚本、表格设计填写和维护。<br />\n<br />\n<strong>职位要求：</strong><br />\n1、本科学历，专业不限;<br />\n2、两年以上游戏史，对至少一款网游有过深入的研究;<br />\n3、拥有扎实的文字功底，熟悉中外历史、文化，有能力书写完整的幻想剧本、小说及策划案（并已有成功作品）者优先;<br />\n4、具有良好的逻辑思维能力、沟通能力以及执行能力。</span></p>\n', 3, '2014-03-25'),
(60, 8, '游戏运营', '', 10, '广州', '0000-00-00', '<p><strong style="color: rgb(120, 120, 120); font-family: Arial, Helvetica, sans-serif, SimSum; font-size: 12px; line-height: 24px;"><span style="font-size: 14px;">职位描述 ：</span></strong><br />\n<span style="color: rgb(120, 120, 120); font-family: Arial, Helvetica, sans-serif, SimSum; font-weight: normal; line-height: 24px;">分析游戏产品，采用多样化的运营手段，参与游戏产品包装推广，与运营方沟通，对平台提交的运营需求信息进行判断、分析 。<br />\n<br />\n<strong>职位要求：</strong><br />\n1、本科学历，理工科专业优先 ；<br />\n2、热爱游戏行业，具有两年以上的网游经验 ；<br />\n3、能承受较大的压力；有独立处理问题的能力，诚信正直，具备卓越的耐心和责任心；<br />\n4、具有强大的人际沟通和协调能力，敏捷的反应能力和问题解决能力。</span></p>\n', 2, '2014-03-25'),
(61, 8, '游戏测试工程师', '', 10, '广州', '0000-00-00', '<p><strong style="color: rgb(120, 120, 120); font-family: Arial, Helvetica, sans-serif, SimSum; font-size: 12px; line-height: 24px;"><span style="font-size: 14px;">职位描述 ：</span></strong><br />\n<span style="color: rgb(120, 120, 120); font-family: Arial, Helvetica, sans-serif, SimSum; font-weight: normal; line-height: 24px;">负责游戏各项系统的功能测试和性能测试，保证游戏顺利上线。&nbsp;<br />\n<br />\n<strong>职位要求：</strong><br />\n1、本科学历，计算机、软件工程相关专业；&nbsp;<br />\n2、热爱软件测试，具备良好的学习能力、思维缜密；较细心，能承受较大的工作压力；&nbsp;<br />\n3、热爱游戏，有丰富的游戏经验，对游戏有较深刻见解者尤佳；&nbsp;<br />\n4、积极上进，沟通良好，有责任心，具有良好的团队合作精神。</span></p>\n', 2, '2014-03-25'),
(62, 8, '美术实习生', '', 10, '广州', '0000-00-00', '<p><span style="color: rgb(120, 120, 120); font-family: Arial, Helvetica, sans-serif, SimSum; font-weight: normal; line-height: 24px;"><strong>职位描述：</strong><br />\n协助完成游戏中的人物角色或场景的原画设计\\UI界面、图标设计\\人物角色或场景的3D建模及贴图制作\\游戏特效设计。<br />\n以上工作内容，会根据具体方向而作出调整。<br />\n<br />\n<strong>职位要求：</strong><br />\n1、 大专以上学历，美术相关专业14届在校学生；&nbsp;<br />\n2、 有良好的美术功底和优秀的视觉设计能力及较强的细节处理能力；&nbsp;<br />\n3、 善于沟通，能按时的完成工作需求, 具备良好的艺术洞察力，能很好的结合项目美术风格进行创作；<br />\n4、 热爱游戏，具备良好的职业素养和团队协作意识；<br />\n5、 软件要求：原画方向需熟练运用Photoshop、Painter，UI方向需精通photoshop、flash、AI，建模方向需熟练运用3D-Max、Photoshop、Painter，特效方向需精通AE、3D MAX等相关软件及插件等。<br />\n<br />\n请将简历和相关作品打包，以姓名+应聘职位命名，发送至</span><a href="mailto:campus2014@mingchao.com" style="color: rgb(109, 109, 109); font-family: Arial, Helvetica, sans-serif, SimSum; font-size: 12px; font-weight: normal; line-height: 24px;"><span style="font-size: 14px;">campus2014@mingchao.com</span></a><span style="color: rgb(120, 120, 120); font-family: Arial, Helvetica, sans-serif, SimSum; font-weight: normal; line-height: 24px;">.</span></p>\n', 0, '2014-03-25'),
(63, 4, '主策划培养方向', '', 2, '广州', '0000-00-00', '<p style="margin-bottom: 0px; padding: 0px; list-style-type: none; color: rgb(0, 0, 0); font-family: 微软雅黑, 宋体, sans-serif; font-weight: normal; line-height: 35px;">你可以：</p>\n\n<p style="margin-bottom: 0px; padding: 0px; list-style-type: none; color: rgb(0, 0, 0); font-family: 微软雅黑, 宋体, sans-serif; font-weight: normal; line-height: 35px;">在互联网领域（游戏、平台、移动互联网、电商、网站）充分发挥你的创意，通过捷游平台和互联网精英训练营，将你打造成互联网主策划人，带领团队实现你的互联网产品梦。</p>\n\n<p style="margin-bottom: 0px; padding: 0px; list-style-type: none; color: rgb(0, 0, 0); font-family: 微软雅黑, 宋体, sans-serif; font-weight: normal; line-height: 35px;">&nbsp;</p>\n\n<div style="margin: 0px; padding: 0px; list-style-type: none; color: rgb(0, 0, 0); font-family: 微软雅黑, 宋体, sans-serif; font-weight: normal; line-height: 35px;">&nbsp;</div>\n\n<div style="margin: 0px; padding: 0px; list-style-type: none; color: rgb(0, 0, 0); font-family: 微软雅黑, 宋体, sans-serif; font-weight: normal; line-height: 35px;">我们希望你：</div>\n\n<p style="margin-bottom: 0px; padding: 0px; list-style-type: none; color: rgb(0, 0, 0); font-family: 微软雅黑, 宋体, sans-serif; font-weight: normal; line-height: 35px;">（1）重点本科院校，本科、硕士、博士学历，具备突出的综合素质以及聪明才智；</p>\n\n<p style="margin-bottom: 0px; padding: 0px; list-style-type: none; color: rgb(0, 0, 0); font-family: 微软雅黑, 宋体, sans-serif; font-weight: normal; line-height: 35px;">（2）熟悉互联网领域产品，具备天赋型的互联网产品策划和设计能力；</p>\n\n<p style="margin-bottom: 0px; padding: 0px; list-style-type: none; color: rgb(0, 0, 0); font-family: 微软雅黑, 宋体, sans-serif; font-weight: normal; line-height: 35px;">（3）互联网领域&ldquo;狂热分子&rdquo;，有理想，对成功有极大渴望，立志在该领域成就梦想；</p>\n\n<p style="margin-bottom: 0px; padding: 0px; list-style-type: none; color: rgb(0, 0, 0); font-family: 微软雅黑, 宋体, sans-serif; font-weight: normal; line-height: 35px;">（4）有全力以赴的拼搏精神，事业心，有足够的自信心，具备领导者素质；</p>\n\n<div style="margin: 0px; padding: 0px; list-style-type: none; color: rgb(0, 0, 0); font-family: 微软雅黑, 宋体, sans-serif; font-weight: normal; line-height: 35px;">（5）具备领导者才能，有思想，有成为老板的潜质。</div>\n\n<div style="margin: 0px; paddin', 2, '2014-03-25'),
(64, 4, '核心技术研发培养方向', '', 3, '广州', '0000-00-00', '<p style="margin-bottom: 0px; padding: 0px; list-style-type: none; color: rgb(0, 0, 0); font-family: 微软雅黑, 宋体, sans-serif; font-weight: normal; line-height: 35px;">你可以：</p>\n\n<div style="margin: 0px; padding: 0px; list-style-type: none; color: rgb(0, 0, 0); font-family: 微软雅黑, 宋体, sans-serif; font-weight: normal; line-height: 35px;">（1）用代码创造&ldquo;你&rdquo;的世界：</div>\n\n<div style="margin: 0px; padding: 0px; list-style-type: none; color: rgb(0, 0, 0); font-family: 微软雅黑, 宋体, sans-serif; font-weight: normal; line-height: 35px;">（2）让亿万用户畅游其中的网络世界；</div>\n\n<div style="margin: 0px; padding: 0px; list-style-type: none; color: rgb(0, 0, 0); font-family: 微软雅黑, 宋体, sans-serif; font-weight: normal; line-height: 35px;">（3）让千万玩家津津乐道的游戏世界；</div>\n\n<p style="margin-bottom: 0px; padding: 0px; list-style-type: none; color: rgb(0, 0, 0); font-family: 微软雅黑, 宋体, sans-serif; font-weight: normal; line-height: 35px;">&nbsp; &nbsp; &nbsp; &nbsp; &nbsp; &nbsp; &hellip;&hellip;</p>\n\n<p style="margin-bottom: 0px; padding: 0px; list-style-type: none; color: rgb(0, 0, 0); font-family: 微软雅黑, 宋体, sans-serif; font-weight: normal; line-height: 35px;">&nbsp;</p>\n\n<div style="margin: 0px; padding: 0px; list-style-type: none; color: rgb(0, 0, 0); font-family: 微软雅黑, 宋体, sans-serif; font-weight: normal; line-height: 35px;">我们希望你：</div>\n\n<div style="margin: 0px; padding: 0px; list-style-type: none; color: rgb(0, 0, 0); font-family: 微软雅黑, 宋体, sans-serif; font-weight: normal; line-height: 35px;">（1）重点本科院校，本科、硕士、博士学历，计算机或相关专业；</div>\n\n<p style="margin-bottom: 0px; padding: 0px; list-style-type: none; color: rgb(0, 0, 0); font-family: 微软雅黑, 宋体, sans-serif; font-weight: normal; line-height: 35px;">（2）扎实的计算机基础知识，熟悉C、JAVA、C++、AS3.0、PHP、.NET、其中的一种或几种语言；</p>\n\n<p style="margin-bottom: 0px; padding: 0px; list-style-type: none; color: rgb(0, 0, 0); font-family: 微软雅黑, 宋体, sans-serif; font-weight: normal; line-height: 35px;">（3）大学期间有各种编程大赛获奖经验或多次参与实际开发项目经验；</p>\n\n<p style="margin-bottom: 0px; padding: 0px; list-style-type: no', 2, '2014-03-25'),
(65, 4, '总经理助理', '', 3, '广州', '0000-00-00', '<p style="margin-bottom: 0px; padding: 0px; list-style-type: none; color: rgb(0, 0, 0); font-family: 微软雅黑, 宋体, sans-serif; font-weight: normal; line-height: 35px;">你可以</p>\n\n<p style="margin-bottom: 0px; padding: 0px; list-style-type: none; color: rgb(0, 0, 0); font-family: 微软雅黑, 宋体, sans-serif; font-weight: normal; line-height: 35px;">&nbsp; 进入高速发展的互联网行业，选择在企业管理领域、商务领域或项目管理领域入行，通过互联网精英训练营，上手一线业务，全面提升各领域能力，多方向发展为公司和行业顶级精英；</p>\n\n<p class="p0" style="margin-bottom: 0px; padding: 0px; list-style-type: none; color: rgb(0, 0, 0); font-family: 微软雅黑, 宋体, sans-serif; font-weight: normal; text-indent: 28px; line-height: 24px;">&nbsp;</p>\n\n<div style="margin: 0px; padding: 0px; list-style-type: none; color: rgb(0, 0, 0); font-family: 微软雅黑, 宋体, sans-serif; font-weight: normal; line-height: 35px;">&nbsp;</div>\n\n<div style="margin: 0px; padding: 0px; list-style-type: none; color: rgb(0, 0, 0); font-family: 微软雅黑, 宋体, sans-serif; font-weight: normal; line-height: 35px;">我们希望你：</div>\n\n<p style="margin-bottom: 0px; padding: 0px; list-style-type: none; color: rgb(0, 0, 0); font-family: 微软雅黑, 宋体, sans-serif; font-weight: normal; line-height: 35px;">（1）重点本科院校，本科或硕士学历；</p>\n\n<p style="margin-bottom: 0px; padding: 0px; list-style-type: none; color: rgb(0, 0, 0); font-family: 微软雅黑, 宋体, sans-serif; font-weight: normal; line-height: 35px;">（2）在学习上或在各类课外活动比赛中出类拔萃，同学眼中的佼佼者；</p>\n\n<div style="margin: 0px; padding: 0px; list-style-type: none; color: rgb(0, 0, 0); font-family: 微软雅黑, 宋体, sans-serif; font-weight: normal; line-height: 35px;">（3）活跃在学生会或校园各大社团，无论身处任何团队中都自然而然成为领导者角色；</div>\n\n<p style="margin-bottom: 0px; padding: 0px; list-style-type: none; color: rgb(0, 0, 0); font-family: 微软雅黑, 宋体, sans-serif; font-weight: normal; line-height: 35px;">（4）演讲能力出众，总能用语言感染身边的人，激励他们去行动；</p>\n\n<p style="margin-bottom: 0px; padding: 0px; list-style-type: none; color: rgb(0, 0, 0); font-family: 微软雅黑, 宋体, sans-serif; font-weight: normal; line-height: 35px;">（5）自信，喜欢挑战，从容面对任何突发事件，繁杂中依然运筹帷幄；</p>\n\n<div style="margin:', 2, '2014-03-25');
INSERT INTO `think_singlejob` (`jid`, `cid`, `name`, `money`, `size`, `location`, `data`, `statement`, `resumenum`, `create_time`) VALUES
(66, 4, '游戏策划工程师', '', 5, '广州', '0000-00-00', '<p style="margin-bottom: 0px; padding: 0px; list-style-type: none; color: rgb(0, 0, 0); font-family: 微软雅黑, 宋体, sans-serif; font-weight: normal; line-height: 35px;">你可以：</p>\n\n<p style="margin-bottom: 0px; padding: 0px; list-style-type: none; color: rgb(0, 0, 0); font-family: 微软雅黑, 宋体, sans-serif; font-weight: normal; line-height: 35px;">架构和创造全新的虚拟世界，为玩家创造前所未有的游戏享受和快乐。</p>\n\n<p style="margin-bottom: 0px; padding: 0px; list-style-type: none; color: rgb(0, 0, 0); font-family: 微软雅黑, 宋体, sans-serif; font-weight: normal; line-height: 35px;">&nbsp;</p>\n\n<p style="margin-bottom: 0px; padding: 0px; list-style-type: none; color: rgb(0, 0, 0); font-family: 微软雅黑, 宋体, sans-serif; font-weight: normal; line-height: 35px;">我们希望你本科以上，并符合以下任意一条或多条描述：</p>\n\n<p style="margin-bottom: 0px; padding: 0px; list-style-type: none; color: rgb(0, 0, 0); font-family: 微软雅黑, 宋体, sans-serif; font-weight: normal; line-height: 35px;">（1）狂热的网络游戏爱好者，多年沉迷于各大网络游戏世界中；</p>\n\n<p style="margin-bottom: 0px; padding: 0px; list-style-type: none; color: rgb(0, 0, 0); font-family: 微软雅黑, 宋体, sans-serif; font-weight: normal; line-height: 35px;">（2）活跃在网络游戏社交群体，热衷于成为大家心目中的高端玩家；</p>\n\n<p style="margin-bottom: 0px; padding: 0px; list-style-type: none; color: rgb(0, 0, 0); font-family: 微软雅黑, 宋体, sans-serif; font-weight: normal; line-height: 35px;">（3）博古通今，文学、音乐、戏剧、美学、天文地理等方面有深入涉猎；</p>\n\n<p style="margin-bottom: 0px; padding: 0px; list-style-type: none; color: rgb(0, 0, 0); font-family: 微软雅黑, 宋体, sans-serif; font-weight: normal; line-height: 35px;">（4）游戏之余写过几十万字的小说；</p>\n\n<p style="margin-bottom: 0px; padding: 0px; list-style-type: none; color: rgb(0, 0, 0); font-family: 微软雅黑, 宋体, sans-serif; font-weight: normal; line-height: 35px;">（5）热衷于研究维护虚拟世界各项平衡；</p>\n\n<p style="margin-bottom: 0px; padding: 0px; list-style-type: none; color: rgb(0, 0, 0); font-family: 微软雅黑, 宋体, sans-serif; font-weight: normal; line-height: 35px;">（6）&ldquo;舌战群儒&rdquo;对你来说是小case；</p>\n\n<p style="margin-bottom: 0px; padding: 0px; list-style-type: none; color:', 11, '2014-03-25'),
(67, 4, 'Web游戏客户端开发', '', 3, '广州', '0000-00-00', '<p style="margin-bottom: 0px; padding: 0px; list-style-type: none; color: rgb(0, 0, 0); font-family: 微软雅黑, 宋体, sans-serif; font-weight: normal; line-height: 25px;"><span style="margin: 0px; padding: 0px; list-style-type: none; font-family: 微软雅黑, sans-serif; color: rgb(51, 51, 51);">你可以：</span></p>\n\n<p style="margin-bottom: 0px; padding: 0px; list-style-type: none; color: rgb(0, 0, 0); font-family: 微软雅黑, 宋体, sans-serif; font-weight: normal; line-height: 25px;"><span style="margin: 0px; padding: 0px; list-style-type: none; font-family: 微软雅黑, sans-serif; color: rgb(51, 51, 51);">参与<span style="margin: 0px; padding: 0px; list-style-type: none;">Webgame</span>客户端开发设计，为千万网页游戏玩家搭建稳定的虚拟世界。</span></p>\n\n<p style="margin-bottom: 0px; padding: 0px; list-style-type: none; color: rgb(0, 0, 0); font-family: 微软雅黑, 宋体, sans-serif; font-weight: normal; line-height: 25px;">&nbsp;</p>\n\n<p style="margin-bottom: 0px; padding: 0px; list-style-type: none; color: rgb(0, 0, 0); font-family: 微软雅黑, 宋体, sans-serif; font-weight: normal; line-height: 25px;"><span style="margin: 0px; padding: 0px; list-style-type: none; font-family: 微软雅黑, sans-serif; color: rgb(51, 51, 51);">我们希望你本科以上，并符合以下任意一条或多条描述：</span></p>\n\n<p style="margin-bottom: 0px; padding: 0px; list-style-type: none; color: rgb(0, 0, 0); font-family: 微软雅黑, 宋体, sans-serif; font-weight: normal; line-height: 25px;"><span style="margin: 0px; padding: 0px; list-style-type: none; font-family: 微软雅黑, sans-serif; color: rgb(51, 51, 51);">（1）</span><span style="margin: 0px; padding: 0px; list-style-type: none; font-family: 微软雅黑, sans-serif; color: rgb(51, 51, 51);">计算机或相关专业；</span></p>\n\n<p style="margin-bottom: 0px; padding: 0px; list-style-type: none; color: rgb(0, 0, 0); font-family: 微软雅黑, 宋体, sans-serif; font-weight: normal; line-height: 25px;"><span style="margin: 0px; padding: 0px; list-style-type: none; font-family: 微软雅黑, sans-serif; color: rgb(51, 51, 51);">（2）大学期间有多次参与实际开发项目的经历；</span></p>\n\n<p style="margin-bottom: 0px; padding: 0px; list', 3, '2014-03-25'),
(68, 4, 'Web游戏服务端开发', '', 3, '广州', '0000-00-00', '<p style="margin-bottom: 0px; padding: 0px; list-style-type: none; color: rgb(0, 0, 0); font-family: 微软雅黑, 宋体, sans-serif; font-weight: normal; line-height: 25px;"><span style="margin: 0px; padding: 0px; list-style-type: none; font-family: 微软雅黑, sans-serif; color: rgb(51, 51, 51);">你可以：</span></p>\n\n<p style="margin-bottom: 0px; padding: 0px; list-style-type: none; color: rgb(0, 0, 0); font-family: 微软雅黑, 宋体, sans-serif; font-weight: normal; line-height: 25px;"><span style="margin: 0px; padding: 0px; list-style-type: none; font-family: 微软雅黑, sans-serif; color: rgb(51, 51, 51);">参与<span style="margin: 0px; padding: 0px; list-style-type: none;">Webgame</span>服务端开发设计，为千万网页游戏玩家搭建稳定的虚拟世界。</span></p>\n\n<p style="margin-bottom: 0px; padding: 0px; list-style-type: none; color: rgb(0, 0, 0); font-family: 微软雅黑, 宋体, sans-serif; font-weight: normal; line-height: 25px;">&nbsp;</p>\n\n<p style="margin-bottom: 0px; padding: 0px; list-style-type: none; color: rgb(0, 0, 0); font-family: 微软雅黑, 宋体, sans-serif; font-weight: normal; line-height: 25px;"><span style="margin: 0px; padding: 0px; list-style-type: none; font-family: 微软雅黑, sans-serif; color: rgb(51, 51, 51);">我们希望你本科以上，并符合以下任意一条或多条描述：</span></p>\n\n<p style="margin-bottom: 0px; padding: 0px; list-style-type: none; color: rgb(0, 0, 0); font-family: 微软雅黑, 宋体, sans-serif; font-weight: normal; line-height: 25px;"><span style="margin: 0px; padding: 0px; list-style-type: none; font-family: 微软雅黑, sans-serif; color: rgb(51, 51, 51);">（1）</span><span style="margin: 0px; padding: 0px; list-style-type: none; font-family: 微软雅黑, sans-serif; color: rgb(51, 51, 51);">计算机或相关专业；</span></p>\n\n<p style="margin-bottom: 0px; padding: 0px; list-style-type: none; color: rgb(0, 0, 0); font-family: 微软雅黑, 宋体, sans-serif; font-weight: normal; line-height: 25px;"><span style="margin: 0px; padding: 0px; list-style-type: none; font-family: 微软雅黑, sans-serif; color: rgb(51, 51, 51);">（2）大学期间有多次参与实际开发项目的经历；</span></p>\n\n<p style="margin-bottom: 0px; padding: 0px; list', 1, '2014-03-25'),
(69, 4, 'IOS游戏客户端开发', '', 5, '广州', '0000-00-00', '<p style="margin-bottom: 0px; padding: 0px; list-style-type: none; color: rgb(0, 0, 0); font-family: 微软雅黑, 宋体, sans-serif; font-weight: normal; line-height: 25px;"><span style="margin: 0px; padding: 0px; list-style-type: none; font-family: 微软雅黑, sans-serif; color: rgb(51, 51, 51);">你可以：</span></p>\n\n<p style="margin-bottom: 0px; padding: 0px; list-style-type: none; color: rgb(0, 0, 0); font-family: 微软雅黑, 宋体, sans-serif; font-weight: normal; line-height: 25px;"><span style="margin: 0px; padding: 0px; list-style-type: none; font-family: 微软雅黑, sans-serif; color: rgb(51, 51, 51);">为千万手机游戏玩家搭建稳定的虚拟世界，接触行业前沿的跨平台开发技术；</span></p>\n\n<p style="margin-bottom: 0px; padding: 0px; list-style-type: none; color: rgb(0, 0, 0); font-family: 微软雅黑, 宋体, sans-serif; font-weight: normal; line-height: 25px;">&nbsp;</p>\n\n<p style="margin-bottom: 0px; padding: 0px; list-style-type: none; color: rgb(0, 0, 0); font-family: 微软雅黑, 宋体, sans-serif; font-weight: normal; line-height: 25px;"><span style="margin: 0px; padding: 0px; list-style-type: none; font-family: 微软雅黑, sans-serif; color: rgb(51, 51, 51);">我们希望你本科以上，并符合以下任意一条或多条描述：</span></p>\n\n<p style="margin-bottom: 0px; padding: 0px; list-style-type: none; color: rgb(0, 0, 0); font-family: 微软雅黑, 宋体, sans-serif; font-weight: normal; line-height: 25px;"><span style="margin: 0px; padding: 0px; list-style-type: none; font-family: 微软雅黑, sans-serif; color: rgb(51, 51, 51);">（1）</span><span style="margin: 0px; padding: 0px; list-style-type: none; font-family: 微软雅黑, sans-serif; color: rgb(51, 51, 51);">计算机或相关专业；</span></p>\n\n<p style="margin-bottom: 0px; padding: 0px; list-style-type: none; color: rgb(0, 0, 0); font-family: 微软雅黑, 宋体, sans-serif; font-weight: normal; line-height: 25px;"><span style="margin: 0px; padding: 0px; list-style-type: none; font-family: 微软雅黑, sans-serif; color: rgb(51, 51, 51);">（2）大学期间有多次参与实际开发项目的经历；</span></p>\n\n<p style="margin-bottom: 0px; padding: 0px; list-style-type: none; color: rgb(0, 0, 0); font-family: 微软雅黑, 宋体, sans-serif', 0, '2014-03-25'),
(70, 4, 'IOS游戏服务端开发', '', 5, '广州', '0000-00-00', '<ul>\n	<li>&nbsp;<span style="color: rgb(0, 0, 0); font-family: 微软雅黑, 宋体, sans-serif; line-height: 25px;">职位要求：</span></li>\n</ul>\n\n<p style="margin-bottom: 0px; padding: 0px; list-style-type: none; color: rgb(0, 0, 0); font-family: 微软雅黑, 宋体, sans-serif; line-height: 25px;"><span style="margin: 0px; padding: 0px; list-style-type: none; font-family: 微软雅黑, sans-serif; color: rgb(51, 51, 51);">（1）</span><span style="margin: 0px; padding: 0px; list-style-type: none; font-family: 微软雅黑, sans-serif; color: rgb(51, 51, 51);">计算机或相关专业；</span></p>\n\n<p style="margin-bottom: 0px; padding: 0px; list-style-type: none; color: rgb(0, 0, 0); font-family: 微软雅黑, 宋体, sans-serif; line-height: 25px;"><span style="margin: 0px; padding: 0px; list-style-type: none; font-family: 微软雅黑, sans-serif; color: rgb(51, 51, 51);">（2）</span><span style="margin: 0px; padding: 0px; list-style-type: none; color: rgb(51, 51, 51); font-family: 微软雅黑, sans-serif;">大学期间有多次参与实际开发项目的经历；</span></p>\n\n<p style="margin-bottom: 0px; padding: 0px; list-style-type: none; color: rgb(0, 0, 0); font-family: 微软雅黑, 宋体, sans-serif; line-height: 25px;"><span style="margin: 0px; padding: 0px; list-style-type: none; font-family: 微软雅黑, sans-serif; color: rgb(51, 51, 51);">（3）</span><span style="margin: 0px; padding: 0px; list-style-type: none; font-family: 微软雅黑, sans-serif; color: rgb(51, 51, 51);">对移动互联网行业有一定的认识，并充满热情；</span></p>\n\n<p style="margin-bottom: 0px; padding: 0px; list-style-type: none; color: rgb(0, 0, 0); font-family: 微软雅黑, 宋体, sans-serif; line-height: 25px;"><span style="margin: 0px; padding: 0px; list-style-type: none; font-family: 微软雅黑, sans-serif; color: rgb(51, 51, 51);">（4）熟悉<span style="margin: 0px; padding: 0px; list-style-type: none;">C/C++</span>、<span style="margin: 0px; padding: 0px; list-style-type: none;">JAVA</span></span><span style="color: rgb(51, 51, 51); font-family: 微软雅黑, sans-serif;">、</span></p>\n', 1, '2014-03-25'),
(71, 18, 'cocos2d-x游戏开发工程师', '', 8, '广州', '0000-00-00', '<p>公司福利</p>\n\n<p>1、公司双休，八小时制；</p>\n\n<p>2、为员工购买社会保险、商业意外险、公积金（六险一金）；</p>\n\n<p>3、带薪婚、丧假、过节费、过节礼品、年底两个星期带薪年假（不限入职日期）；</p>\n\n<p>4、公司提供四条接驳大巴，接送员工上下班；</p>\n\n<p>5、每周举行员工健身活动（篮球、足球、羽毛球、兵乓球、游泳）；</p>\n\n<p>6、员工月度生日活动、月度部门活动、项目组活动；</p>\n\n<p>7、公司为员工免费提供年度体检、年度旅游；</p>\n\n<p>6、公司免费提供零食、奶茶、咖啡等食品；</p>\n\n<p>7、年底双薪+年终奖+项目奖金；</p>\n', 0, '2014-03-26'),
(72, 18, '服务器端开发工程师', '', 8, '广州', '0000-00-00', '<p>公司福利</p>\n\n<p>1、公司双休，八小时制；</p>\n\n<p>2、为员工购买社会保险、商业意外险、公积金（六险一金）；</p>\n\n<p>3、带薪婚、丧假、过节费、过节礼品、年底两个星期带薪年假（不限入职日期）；</p>\n\n<p>4、公司提供四条接驳大巴，接送员工上下班；</p>\n\n<p>5、每周举行员工健身活动（篮球、足球、羽毛球、兵乓球、游泳）；</p>\n\n<p>6、员工月度生日活动、月度部门活动、项目组活动；</p>\n\n<p>7、公司为员工免费提供年度体检、年度旅游；</p>\n\n<p>6、公司免费提供零食、奶茶、咖啡等食品；</p>\n\n<p>7、年底双薪+年终奖+项目奖金；</p>\n', 0, '2014-03-26'),
(73, 18, '客户端开发工程师', '', 8, '广州', '0000-00-00', '<p>公司福利</p>\n\n<p>1、公司双休，八小时制；</p>\n\n<p>2、为员工购买社会保险、商业意外险、公积金（六险一金）；</p>\n\n<p>3、带薪婚、丧假、过节费、过节礼品、年底两个星期带薪年假（不限入职日期）；</p>\n\n<p>4、公司提供四条接驳大巴，接送员工上下班；</p>\n\n<p>5、每周举行员工健身活动（篮球、足球、羽毛球、兵乓球、游泳）；</p>\n\n<p>6、员工月度生日活动、月度部门活动、项目组活动；</p>\n\n<p>7、公司为员工免费提供年度体检、年度旅游；</p>\n\n<p>6、公司免费提供零食、奶茶、咖啡等食品；</p>\n\n<p>7、年底双薪+年终奖+项目奖金；</p>\n', 0, '2014-03-26'),
(74, 18, 'flash开发工程师', '', 8, '广州', '0000-00-00', '<p>公司福利</p>\n\n<p>1、公司双休，八小时制；</p>\n\n<p>2、为员工购买社会保险、商业意外险、公积金（六险一金）；</p>\n\n<p>3、带薪婚、丧假、过节费、过节礼品、年底两个星期带薪年假（不限入职日期）；</p>\n\n<p>4、公司提供四条接驳大巴，接送员工上下班；</p>\n\n<p>5、每周举行员工健身活动（篮球、足球、羽毛球、兵乓球、游泳）；</p>\n\n<p>6、员工月度生日活动、月度部门活动、项目组活动；</p>\n\n<p>7、公司为员工免费提供年度体检、年度旅游；</p>\n\n<p>6、公司免费提供零食、奶茶、咖啡等食品；</p>\n\n<p>7、年底双薪+年终奖+项目奖金；</p>\n', 0, '2014-03-26'),
(75, 18, 'unity程序', '', 8, '广州', '0000-00-00', '<p>公司福利</p>\n\n<p>1、公司双休，八小时制；</p>\n\n<p>2、为员工购买社会保险、商业意外险、公积金（六险一金）；</p>\n\n<p>3、带薪婚、丧假、过节费、过节礼品、年底两个星期带薪年假（不限入职日期）；</p>\n\n<p>4、公司提供四条接驳大巴，接送员工上下班；</p>\n\n<p>5、每周举行员工健身活动（篮球、足球、羽毛球、兵乓球、游泳）；</p>\n\n<p>6、员工月度生日活动、月度部门活动、项目组活动；</p>\n\n<p>7、公司为员工免费提供年度体检、年度旅游；</p>\n\n<p>6、公司免费提供零食、奶茶、咖啡等食品；</p>\n\n<p>7、年底双薪+年终奖+项目奖金；</p>\n', 0, '2014-03-26'),
(76, 18, '网站技术开发工程师', '', 8, '广州', '0000-00-00', '<p>公司福利</p>\n\n<p>1、公司双休，八小时制；</p>\n\n<p>2、为员工购买社会保险、商业意外险、公积金（六险一金）；</p>\n\n<p>3、带薪婚、丧假、过节费、过节礼品、年底两个星期带薪年假（不限入职日期）；</p>\n\n<p>4、公司提供四条接驳大巴，接送员工上下班；</p>\n\n<p>5、每周举行员工健身活动（篮球、足球、羽毛球、兵乓球、游泳）；</p>\n\n<p>6、员工月度生日活动、月度部门活动、项目组活动；</p>\n\n<p>7、公司为员工免费提供年度体检、年度旅游；</p>\n\n<p>6、公司免费提供零食、奶茶、咖啡等食品；</p>\n\n<p>7、年底双薪+年终奖+项目奖金；</p>\n', 0, '2014-03-26'),
(77, 18, 'Android系统开发工程师', '', 8, '广州', '0000-00-00', '<p>公司福利</p>\n\n<p>1、公司双休，八小时制；</p>\n\n<p>2、为员工购买社会保险、商业意外险、公积金（六险一金）；</p>\n\n<p>3、带薪婚、丧假、过节费、过节礼品、年底两个星期带薪年假（不限入职日期）；</p>\n\n<p>4、公司提供四条接驳大巴，接送员工上下班；</p>\n\n<p>5、每周举行员工健身活动（篮球、足球、羽毛球、兵乓球、游泳）；</p>\n\n<p>6、员工月度生日活动、月度部门活动、项目组活动；</p>\n\n<p>7、公司为员工免费提供年度体检、年度旅游；</p>\n\n<p>6、公司免费提供零食、奶茶、咖啡等食品；</p>\n\n<p>7、年底双薪+年终奖+项目奖金；</p>\n', 0, '2014-03-26'),
(78, 18, '手游/端游数值策划', '', 5, '广州', '0000-00-00', '<p>公司福利</p>\n\n<p>1、公司双休，八小时制；</p>\n\n<p>2、为员工购买社会保险、商业意外险、公积金（六险一金）；</p>\n\n<p>3、带薪婚、丧假、过节费、过节礼品、年底两个星期带薪年假（不限入职日期）；</p>\n\n<p>4、公司提供四条接驳大巴，接送员工上下班；</p>\n\n<p>5、每周举行员工健身活动（篮球、足球、羽毛球、兵乓球、游泳）；</p>\n\n<p>6、员工月度生日活动、月度部门活动、项目组活动；</p>\n\n<p>7、公司为员工免费提供年度体检、年度旅游；</p>\n\n<p>6、公司免费提供零食、奶茶、咖啡等食品；</p>\n\n<p>7、年底双薪+年终奖+项目奖金；</p>\n\n<p>&nbsp;</p>\n', 1, '2014-03-26'),
(79, 18, '手游系统策划', '', 5, '广州', '0000-00-00', '<p>公司福利</p>\n\n<p>1、公司双休，八小时制；</p>\n\n<p>2、为员工购买社会保险、商业意外险、公积金（六险一金）；</p>\n\n<p>3、带薪婚、丧假、过节费、过节礼品、年底两个星期带薪年假（不限入职日期）；</p>\n\n<p>4、公司提供四条接驳大巴，接送员工上下班；</p>\n\n<p>5、每周举行员工健身活动（篮球、足球、羽毛球、兵乓球、游泳）；</p>\n\n<p>6、员工月度生日活动、月度部门活动、项目组活动；</p>\n\n<p>7、公司为员工免费提供年度体检、年度旅游；</p>\n\n<p>6、公司免费提供零食、奶茶、咖啡等食品；</p>\n\n<p>7、年底双薪+年终奖+项目奖金；</p>\n\n<p>&nbsp;</p>\n', 1, '2014-03-26'),
(80, 18, '棋牌/手游/端游运营策划', '', 5, '广州', '0000-00-00', '<p>公司福利</p>\n\n<p>1、公司双休，八小时制；</p>\n\n<p>2、为员工购买社会保险、商业意外险、公积金（六险一金）；</p>\n\n<p>3、带薪婚、丧假、过节费、过节礼品、年底两个星期带薪年假（不限入职日期）；</p>\n\n<p>4、公司提供四条接驳大巴，接送员工上下班；</p>\n\n<p>5、每周举行员工健身活动（篮球、足球、羽毛球、兵乓球、游泳）；</p>\n\n<p>6、员工月度生日活动、月度部门活动、项目组活动；</p>\n\n<p>7、公司为员工免费提供年度体检、年度旅游；</p>\n\n<p>6、公司免费提供零食、奶茶、咖啡等食品；</p>\n\n<p>7、年底双薪+年终奖+项目奖金；</p>\n', 0, '2014-03-26'),
(81, 18, '2D美术设计', '', 4, '广州', '0000-00-00', '<p>公司福利</p>\n\n<p>1、公司双休，八小时制；</p>\n\n<p>2、为员工购买社会保险、商业意外险、公积金（六险一金）；</p>\n\n<p>3、带薪婚、丧假、过节费、过节礼品、年底两个星期带薪年假（不限入职日期）；</p>\n\n<p>4、公司提供四条接驳大巴，接送员工上下班；</p>\n\n<p>5、每周举行员工健身活动（篮球、足球、羽毛球、兵乓球、游泳）；</p>\n\n<p>6、员工月度生日活动、月度部门活动、项目组活动；</p>\n\n<p>7、公司为员工免费提供年度体检、年度旅游；</p>\n\n<p>6、公司免费提供零食、奶茶、咖啡等食品；</p>\n\n<p>7、年底双薪+年终奖+项目奖金；</p>\n', 0, '2014-03-26'),
(82, 18, '原画设计', '', 4, '广州', '0000-00-00', '<p>公司福利</p>\n\n<p>1、公司双休，八小时制；</p>\n\n<p>2、为员工购买社会保险、商业意外险、公积金（六险一金）；</p>\n\n<p>3、带薪婚、丧假、过节费、过节礼品、年底两个星期带薪年假（不限入职日期）；</p>\n\n<p>4、公司提供四条接驳大巴，接送员工上下班；</p>\n\n<p>5、每周举行员工健身活动（篮球、足球、羽毛球、兵乓球、游泳）；</p>\n\n<p>6、员工月度生日活动、月度部门活动、项目组活动；</p>\n\n<p>7、公司为员工免费提供年度体检、年度旅游；</p>\n\n<p>6、公司免费提供零食、奶茶、咖啡等食品；</p>\n\n<p>7、年底双薪+年终奖+项目奖金；</p>\n', 0, '2014-03-26'),
(83, 18, 'Flash动画设计', '', 4, '广州', '0000-00-00', '<p>公司福利</p>\n\n<p>1、公司双休，八小时制；</p>\n\n<p>2、为员工购买社会保险、商业意外险、公积金（六险一金）；</p>\n\n<p>3、带薪婚、丧假、过节费、过节礼品、年底两个星期带薪年假（不限入职日期）；</p>\n\n<p>4、公司提供四条接驳大巴，接送员工上下班；</p>\n\n<p>5、每周举行员工健身活动（篮球、足球、羽毛球、兵乓球、游泳）；</p>\n\n<p>6、员工月度生日活动、月度部门活动、项目组活动；</p>\n\n<p>7、公司为员工免费提供年度体检、年度旅游；</p>\n\n<p>6、公司免费提供零食、奶茶、咖啡等食品；</p>\n\n<p>7、年底双薪+年终奖+项目奖金；</p>\n', 0, '2014-03-26'),
(84, 18, '交互设计师', '', 4, '广州', '0000-00-00', '<p>公司福利</p>\n\n<p>1、公司双休，八小时制；</p>\n\n<p>2、为员工购买社会保险、商业意外险、公积金（六险一金）；</p>\n\n<p>3、带薪婚、丧假、过节费、过节礼品、年底两个星期带薪年假（不限入职日期）；</p>\n\n<p>4、公司提供四条接驳大巴，接送员工上下班；</p>\n\n<p>5、每周举行员工健身活动（篮球、足球、羽毛球、兵乓球、游泳）；</p>\n\n<p>6、员工月度生日活动、月度部门活动、项目组活动；</p>\n\n<p>7、公司为员工免费提供年度体检、年度旅游；</p>\n\n<p>6、公司免费提供零食、奶茶、咖啡等食品；</p>\n\n<p>7、年底双薪+年终奖+项目奖金；</p>\n', 0, '2014-03-26'),
(85, 18, '手游商务拓展专员/经理', '', 5, '广州', '0000-00-00', '<p>公司福利</p>\n\n<p>1、公司双休，八小时制；</p>\n\n<p>2、为员工购买社会保险、商业意外险、公积金（六险一金）；</p>\n\n<p>3、带薪婚、丧假、过节费、过节礼品、年底两个星期带薪年假（不限入职日期）；</p>\n\n<p>4、公司提供四条接驳大巴，接送员工上下班；</p>\n\n<p>5、每周举行员工健身活动（篮球、足球、羽毛球、兵乓球、游泳）；</p>\n\n<p>6、员工月度生日活动、月度部门活动、项目组活动；</p>\n\n<p>7、公司为员工免费提供年度体检、年度旅游；</p>\n\n<p>6、公司免费提供零食、奶茶、咖啡等食品；</p>\n\n<p>7、年底双薪+年终奖+项目奖金；</p>\n', 0, '2014-03-26'),
(86, 18, '手游运营专员', '', 5, '广州', '0000-00-00', '<p>公司福利</p>\n\n<p>1、公司双休，八小时制；</p>\n\n<p>2、为员工购买社会保险、商业意外险、公积金（六险一金）；</p>\n\n<p>3、带薪婚、丧假、过节费、过节礼品、年底两个星期带薪年假（不限入职日期）；</p>\n\n<p>4、公司提供四条接驳大巴，接送员工上下班；</p>\n\n<p>5、每周举行员工健身活动（篮球、足球、羽毛球、兵乓球、游泳）；</p>\n\n<p>6、员工月度生日活动、月度部门活动、项目组活动；</p>\n\n<p>7、公司为员工免费提供年度体检、年度旅游；</p>\n\n<p>6、公司免费提供零食、奶茶、咖啡等食品；</p>\n\n<p>7、年底双薪+年终奖+项目奖金；</p>\n', 3, '2014-03-26'),
(87, 18, '商务公关', '', 5, '广州', '0000-00-00', '<p>公司福利</p>\n\n<p>1、公司双休，八小时制；</p>\n\n<p>2、为员工购买社会保险、商业意外险、公积金（六险一金）；</p>\n\n<p>3、带薪婚、丧假、过节费、过节礼品、年底两个星期带薪年假（不限入职日期）；</p>\n\n<p>4、公司提供四条接驳大巴，接送员工上下班；</p>\n\n<p>5、每周举行员工健身活动（篮球、足球、羽毛球、兵乓球、游泳）；</p>\n\n<p>6、员工月度生日活动、月度部门活动、项目组活动；</p>\n\n<p>7、公司为员工免费提供年度体检、年度旅游；</p>\n\n<p>6、公司免费提供零食、奶茶、咖啡等食品；</p>\n\n<p>7、年底双薪+年终奖+项目奖金；</p>\n', 1, '2014-03-26'),
(88, 10, 'JAVA开发工程师（数据开发）', '', 3, '广州', '0000-00-00', '<p>【工作职责】</p>\n\n<p>1、参与数据平台的研发；日志采集、ETL、数据仓库以及报表系统等；</p>\n\n<p>2、日常报表、运营数据需求开发与维护。</p>\n\n<p>【任职要求】</p>\n\n<p>1、一年以上JAVA开发经验，基础扎实；</p>\n\n<p>2、了解web基本知识；</p>\n\n<p>3、熟悉linux基本操作；熟悉mysql数据库；</p>\n\n<p>4、良好的沟通能力和团队协作精神，工作有激情，可承受较强工作压力。</p>\n\n<p>【以下条件优先】</p>\n\n<p>1、互联网行业数据系统设计开发经验；</p>\n\n<p>2、ETL、数据仓库开发经验。</p>\n\n<p>【待遇】6K~15K</p>\n', 0, '2014-03-26'),
(89, 10, 'Android开发工程师', '', 3, '广州', '0000-00-00', '<p>【工作职责】</p>\n\n<p>1、根据策划文档进行Android游戏开发；</p>\n\n<p>2、与美工配合完成较复杂的游戏开发工作。</p>\n\n<p>【任职要求】</p>\n\n<p>1、熟练掌握C/C++、Java语言，有良好的编程思想，了解移动互联网相关技术，热爱和了解手机平台开发；</p>\n\n<p>2、熟悉Android程序设计，了解Android SDK及相关开发工具的使用;</p>\n\n<p>&nbsp;3、熟悉软件开发管理过程，有良好的编程规范及开发技能；</p>\n\n<p>4、具备团队合作精神，有一定沟通能力，能承受较大的工作压力；</p>\n\n<p>5、有良好的英文阅读能力，自学能力强；</p>\n\n<p>6、有J2ME/BREW系统开发经验，或智能手机平台开发经验;</p>\n', 2, '2014-03-26'),
(90, 10, 'JAVA服务端程序员', '', 3, '广州', '0000-00-00', '<p>【工作职责】</p>\n\n<p>1) 参与服务更新维护、游戏功能系统设计；</p>\n\n<p>2) 实现特定游戏系统功能和游戏逻辑功能。</p>\n\n<p>【任职要求】</p>\n\n<p>1) 计算机或相关专业本科或以上学历；</p>\n\n<p>2) 一年以上java开发经验：java基础扎实；</p>\n\n<p>3) 熟悉Linux操作系统；</p>\n\n<p>4) 熟悉MySql、SqlServer等数据库；</p>\n\n<p>5) 良好沟通能力和工作激情具有良好的团队协作精神，可以承受较强的工作压力，擅于协调沟通。</p>\n\n<p>【以下条件优先】</p>\n\n<p>有游戏服务端开发经验者优先。</p>\n', 1, '2014-03-26'),
(91, 10, 'ios程序员', '', 3, '广州', '0000-00-00', '<p>【工作职责】</p>\n\n<p>1.ios平台游戏产品功能开发和移植</p>\n\n<p>2.项目文档维护</p>\n\n<p>【任职要求】</p>\n\n<p>1.执行力强，责任心强，理解项目计划要求</p>\n\n<p>2.理解苹果应用设计理念，热爱苹果产品</p>\n\n<p>3.精通Objective-c，具备c/c++开发经验</p>\n\n<p>4.熟悉 IOS SDK开发特性，掌握XCode开发工具</p>\n\n<p>5.熟悉C/C++和Objective-c混合编译和使用</p>\n\n<p>6.具备计算机图形学基础</p>\n', 0, '2014-03-26'),
(92, 10, '手游服务器开发工程师', '', 3, '广州', '0000-00-00', '<p>【工作职责】</p>\n\n<p>1、负责游戏功能开发、逻辑开发；</p>\n\n<p>2、配合策划、测试各部门保证游戏开发正常进行。</p>\n\n<p>【任职要求】</p>\n\n<p>1、工作积极主动，能吃苦耐劳，抗压性强；</p>\n\n<p>2、沟通表达能力好，有良好团队配合精神。</p>\n\n<p>【以下条件优先】</p>\n\n<p>1、有python开发经验优先；</p>\n\n<p>2、热爱游戏者优先。</p>\n', 0, '2014-03-26'),
(93, 10, '手游客户端开发工程师', '', 3, '广州', '0000-00-00', '<p>【工作职责】</p>\n\n<p>1、功能开发，游戏逻辑开发；</p>\n\n<p>2、配合策划、美术部门工作，保证游戏开发正常进行。</p>\n\n<p>【任职要求】</p>\n\n<p>1、有lua使用经验半年以上；</p>\n\n<p>2、工作积极主动，抗压能力强；</p>\n\n<p>3、沟通表达能力好，责任心强，有良好的团队合作精神。</p>\n\n<p>【以下条件优先】</p>\n\n<p>1、有客户端引擎开发经验优先；</p>\n\n<p>2、有UI系统开发经验优先。</p>\n', 1, '2014-03-26'),
(94, 10, '手机游戏执行策划', '', 3, '广州', '0000-00-00', '<p>【工作职责】</p>\n\n<p>1、负责相关手机网游项目数据制作；</p>\n\n<p>2、协助进行产品内容策划和活动方案的制作；</p>\n\n<p>3、及时与内容策划沟通，确保数据制作进度；</p>\n\n<p>4、根据市场需求及消费目标人群，分析产品数据，优化游戏，提升用户体验。</p>\n\n<p>【任职要求】</p>\n\n<p>1、热爱游戏并立志于手机网络游戏研发事业；</p>\n\n<p>2、游戏经验丰富，熟悉各类单机、网游、WebGame和SNS应用；</p>\n\n<p>3、对动漫电影非常了解，并能够从中吸取优秀的设计元素，对流行文化有迅速的捕捉和感受能力；</p>\n\n<p>4、具有较强的文字组织能力和良好的文档编辑习惯，有能力编写长短篇剧本；</p>\n\n<p>5、拥有活跃的创新思维和较强的逻辑思维能力，善于学习新知识，具备独立解决问题的能力；</p>\n\n<p>6、具备高度的责任心，诚信的工作作风，优秀沟通能力及团队精神。</p>\n\n<p>【以下条件优先】</p>\n\n<p>1、熟悉手机网页游戏者优先</p>\n\n<p>2、有程序或美术功底者优先</p>\n', 3, '2014-03-26'),
(96, 10, '网页游戏策划', '', 3, '广州', '0000-00-00', '<p>【工作职责】&nbsp;<br />\n1、根据Webgame游戏市场需求及目标消费群体，制定游戏产品的创意、提案和策划；&nbsp;<br />\n2、负责相关产品项目开发进度的协调和执行工作；&nbsp;<br />\n3、跟进游戏的开发、测试，保证产品质量；&nbsp;<br />\n4、分析产品数据，优化游戏，提高用户体验感；&nbsp;<br />\n5、关注用户的体验和需求，将产品改进和升级。&nbsp;<br />\n【任职要求】&nbsp;<br />\n1、游戏经验丰富，熟悉多种类型游戏，对不同的游戏平台游戏有相当的感悟和认识；&nbsp;<br />\n2、有较好的逻辑思维能力，能独立进行网络游戏的系统设计；&nbsp;<br />\n3、有较好的语言组织能力，能清晰准确地执行工作事务；&nbsp;<br />\n4、对动漫和电影有了解，并能够从中吸取优秀的设计元素；对流行文化有敏感和捕捉能力；&nbsp;<br />\n5、了解掌握游戏产品的开发工作流程（包括测试流程）；&nbsp;<br />\n6、善于学习新知识，有一定的市场分析能力，具备独立解决问题的能力；&nbsp;<br />\n7、具备高度的责任心、诚信的工作作风、优秀的沟通能力和团队精神；&nbsp;<br />\n8、请随简历附上一份文档，选择您个人喜好并有较深了解的一款或几款游戏（平台不限），谈谈其在设计上的成功之处，以及可以改进的地方。请注意言之有物，避免泛泛而谈，真实表达个人感受即可；&nbsp;<br />\n9、如有其他个人作品（包括但不限于文学作品/系统设计/案例分析等），请一并附上。&nbsp;<br />\n<br />\n&nbsp;</p>\n', 2, '2014-03-26'),
(97, 10, 'UI美术设计师', '', 3, '广州', '0000-00-00', '<p>【工作职责】：</p>\n\n<p>1、与策划沟通，设计游戏整体界面风格；</p>\n\n<p>2、负责游戏里的Icon、Logo设计。</p>\n\n<p>【任职要求】：</p>\n\n<p>1、大学专科或以上学历，美术、平面设计相关专业；</p>\n\n<p>2、有较强的UI、界面设计能力，有较强的手绘能力；</p>\n\n<p>3、具备扎实的美术基础，较强的手绘能力，独特的创意，良好的审美观、设计理念和用户体验；</p>\n\n<p>4、工作踏实认真，责任心强，具备良好的沟通协作能力，有团队合作精神，能承受强大的工作压力。</p>\n', 0, '2014-03-26'),
(98, 10, '3D动画设计师', '', 3, '广州', '0000-00-00', '<p>【工作职责】</p>\n\n<p>1、根据模型文件，设定骨骼和绑定蒙皮，负责制作3D动画，并根据要求进行渲染输出。</p>\n\n<p>2、辅助建模师进行建模工作，并有一定的特效制作能力。</p>\n\n<p>【任职要求】</p>\n\n<p>1、有较强的造型能力。</p>\n\n<p>2、有很好的运动美学基础，想象力丰富。</p>\n\n<p>3、熟悉各种代表性生物的骨骼系统及其运动规律。</p>\n\n<p>4、精通3DMAX动画系统。</p>\n', 0, '2014-03-26'),
(99, 10, '原画设计师', '', 3, '广州', '0000-00-00', '<p align="left">【工作职责】&nbsp;<br />\n进行角色原画或场景原画设计&nbsp;<br />\n【任职要求】&nbsp;<br />\n1、具有良好的设计能力和造型能力，对色彩具有很强的把控能力；&nbsp;<br />\n2、具有扎实的美术绘画功底；&nbsp;<br />\n3、能够进行深入的原画刻画；&nbsp;<br />\n4、善于沟通，理解能力强，有较强的团队合作精神。</p>\n\n<p>&nbsp;</p>\n', 0, '2014-03-26');

-- --------------------------------------------------------

--
-- 表的结构 `think_sphoto`
--

CREATE TABLE IF NOT EXISTS `think_sphoto` (
  `spid` int(11) NOT NULL AUTO_INCREMENT,
  `sid` int(11) NOT NULL,
  `image_path` varchar(200) CHARACTER SET utf8 NOT NULL,
  `statement` varchar(200) CHARACTER SET utf8 NOT NULL,
  PRIMARY KEY (`spid`)
) ENGINE=InnoDB DEFAULT CHARSET=latin1 AUTO_INCREMENT=1 ;

-- --------------------------------------------------------

--
-- 表的结构 `think_student`
--

CREATE TABLE IF NOT EXISTS `think_student` (
  `sid` int(11) NOT NULL AUTO_INCREMENT,
  `username` varchar(200) CHARACTER SET utf8 NOT NULL,
  `password` varchar(200) CHARACTER SET utf8 NOT NULL,
  `create_time` date NOT NULL,
  PRIMARY KEY (`sid`)
) ENGINE=InnoDB  DEFAULT CHARSET=latin1 AUTO_INCREMENT=217 ;

--
-- 转存表中的数据 `think_student`
--

INSERT INTO `think_student` (`sid`, `username`, `password`, `create_time`) VALUES
(100, 'student1', '202cb962ac59075b964b07152d234b70', '2014-02-18'),
(101, 'Lawyer', '4ebf0df2cd579c07070661bc2a8971e7', '2014-02-18'),
(102, '', '', '2014-02-18'),
(103, '', '', '2014-02-18'),
(104, '', '', '2014-02-18'),
(105, 'student123', '202cb962ac59075b964b07152d234b70', '2014-02-18'),
(106, '', '', '2014-02-18'),
(107, '', '', '2014-02-18'),
(108, '', '', '2014-02-18'),
(109, 'kmkmkm', '9b05de73d43f8c4ec1110c6bcc5312bc', '2014-02-18'),
(110, 'plmay1', 'e10adc3949ba59abbe56e057f20f883e', '2014-02-18'),
(111, '.kmkmkm', '9b05de73d43f8c4ec1110c6bcc5312bc', '2014-02-18'),
(112, 'hhhhhhhhhh', 'a3aca2964e72000eea4c56cb341002a4', '2014-02-25'),
(113, 'looyi60', '2f81cb74ee6c2b7427c2c98d1d664398', '2014-02-25'),
(114, '陈哈哈哈哈哈哈', 'b1fbcfbcd6ef2a9e1166afba6ab057ea', '2014-02-25'),
(115, 'camelcamel', 'a4995d016a80cf2321cda0ab1a966935', '2014-02-25'),
(116, 'chenkjun', 'b08fe9f2c4c3a7b5f151571ec2429e4f', '2014-02-26'),
(117, 'mushroom', '9ff871d2d5dfa8685965da619c6c7ca2', '2014-02-26'),
(118, 'yyy921104', 'f95f6d6cbf177532f008943d8d27334c', '2014-02-26'),
(119, '111111', '96e79218965eb72c92a549dd5a330112', '2014-02-28'),
(120, 'kangmou', '697ebda5f8a3ac084cd6a12c611e54ac', '2014-03-01'),
(121, 'sy_hoo', 'a420384997c8a1a93d5a84046117c2aa', '2014-03-02'),
(122, 'Spring', 'a53517b8b16c279fa3ddd9898de95d47', '2014-03-10'),
(123, '啊啊啊啊啊啊', '0b4e7a0e5fe84ad35fb5f95b9ceeac79', '2014-03-12'),
(124, 'saaaaa', '96e79218965eb72c92a549dd5a330112', '2014-03-12'),
(125, 'qwerty', 'd8578edf8458ce06fbc5bb76a58c5ca4', '2014-03-13'),
(126, 'llllll', 'e10adc3949ba59abbe56e057f20f883e', '2014-03-14'),
(127, 'kk', 'c08ac56ae1145566f2ce54cbbea35fa3', '2014-03-14'),
(128, 'flyforever', '809d5d50ac6ce404ad835b68a8d0ae43', '2014-03-14'),
(129, 'hoping2014', '8a76100b57a01f1169bb14c05dcd210c', '2014-03-15'),
(130, 'gxcoraline', '433355d41cdab6ba074d36803f18f274', '2014-03-16'),
(131, 'xxy', '6f52bf637ea4c6c893aec790bed749b3', '2014-03-18'),
(133, 'hehaoying', '8d1e259f225bd9cce2b8d6faed3bf21b', '2014-03-19'),
(134, '李丽珊', '0081aeeebf0aa291e1bd7524a643a425', '2014-03-19'),
(135, 'xy', '6f52bf637ea4c6c893aec790bed749b3', '2014-03-20'),
(136, '121212', '93279e3308bdbbeed946fc965017f67a', '2014-03-20'),
(137, 'wzs876864060', '058e9e3bf14b3c76077131c3d20e0ba7', '2014-03-20'),
(138, '20100003017', '7e50db28ad33b477b43fd840743965c6', '2014-03-21'),
(139, 'wilson1on1pk', 'e3cb249b472980fba1d5b191ecececf6', '2014-03-23'),
(140, '廖亮彬', '3b0dc9452d5ab93fccc0a81c09a1bfb8', '2014-03-23'),
(141, 'xyy', 'e35cf7b66449df565f93c607d5a81d09', '2014-03-23'),
(142, 'linsbiao', '935753f43d7d0de7150b558ba091b2b5', '2014-03-24'),
(143, 'android', 'e79176b5131c1664caa21be38300a962', '2014-03-25'),
(144, 'xdming', '051853c07c160bd7a164483af687f7a1', '2014-03-25'),
(145, 'luowoyu', 'de4dbf58771148951b7d4ccc5e0e53b7', '2014-03-25'),
(146, 'feifengwu', '23141c3ab4d7951196e1d326f9549d45', '2014-03-25'),
(147, '脱颖而出', '8667738012142ae4f0b4d9ede26d057c', '2014-03-25'),
(148, '陆莹', '2f81cb74ee6c2b7427c2c98d1d664398', '2014-03-26'),
(149, 'icetaolan', '4623e62124f27472cb9a19a19a16091d', '2014-03-26'),
(150, 'kissgor', 'ec373409ba6cc1cca71e550819e56533', '2014-03-26'),
(151, 'juenvren', '8c23b2689e04b9ae31dc4091c91379eb', '2014-03-26'),
(152, 'lovemanu', '57ba172a6be125cca2f449826f9980ca', '2014-03-26'),
(153, 'nima19920512', '010bb1e257c663c779e9eab6dc866590', '2014-03-26'),
(154, '叶海飞', 'fcd0dd32a147429df7a456083d349dab', '2014-03-26'),
(155, 'moshang2012', '144c6b39c9c828824db7b9caa4fdbbf8', '2014-03-26'),
(156, 'may', '910b70d88b642cb772d9eec24c1e0e01', '2014-03-26'),
(157, '690891716@qq.com', '1668c229efebb867e568318c33379de6', '2014-03-26'),
(158, 'oyslg', '5a942594faa537f42f67d296a15b5390', '2014-03-26'),
(159, 'haderson', '5944aa75d0f87442c77726270c881eda', '2014-03-26'),
(160, 'wenrou', 'ebbbfcbcc7669b18b4274e34f04fa3b8', '2014-03-26'),
(161, 'KingArthur1991', '8db2810d03b942f44bb63e8c99f3b564', '2014-03-26'),
(162, 'Coresen', 'cd3fc6e3f56609c3aa6138cdb8f60677', '2014-03-26'),
(163, 'linreg', '715c46be57b666ed4851f9af5d3b5bbb', '2014-03-26'),
(164, '张银龙', '3494429d7a2ba43b59e5a524459448f1', '2014-03-26'),
(165, 'dantangfan', '5b985309d3d6cd7995257b604b9361e9', '2014-03-26'),
(166, '彭林总', 'be8b32e3f66c5bca432a8e4920dcd9b8', '2014-03-26'),
(167, '515707036', 'ee946c3c86aaf9790861e411c6138903', '2014-03-26'),
(168, '华农Edward刘', '4c7c38cdc324a9b1a824dcd1a73ceee2', '2014-03-26'),
(169, 'tiantianypx', '9b0f777b30700ad30e0dc32555142da0', '2014-03-26'),
(170, 'cmdcjj456', '23aab86aa7db6e020687eaab326e47a0', '2014-03-26'),
(171, '黄小龙', '23da39b4df4d8b2cbdd976edd4df4301', '2014-03-27'),
(172, 'mingpai94diao', 'c831481b3514ffc134dedfaac003b90f', '2014-03-27'),
(173, 'lixinkai', 'd0ae808a3a8b28b08918c8ed24422b7b', '2014-03-27'),
(174, 'kingbee', 'f5bb0c8de146c67b44babbf4e6584cc0', '2014-03-27'),
(175, 'dafeizhen19920512', '010bb1e257c663c779e9eab6dc866590', '2014-03-27'),
(176, 'vin031224', 'aef56ef6f4af8c023c37a39a9721f9f6', '2014-03-27'),
(177, 'tongrenjiejie', '1cea05369755eb85b1ea9103f4a60b07', '2014-03-27'),
(178, '610464318@qq.com', '272e7b02a23578284113b15ba99ba770', '2014-03-27'),
(179, 'dominic', '56d638bf48b8d42e3c108ab6db70f67c', '2014-03-27'),
(180, '郑禄强', '7c39d57c4833f1cee832fc49b1048510', '2014-03-27'),
(181, 'xieliuping', 'fcc5d9192a94f4c6fe8fe6f30101859a', '2014-03-27'),
(182, 'chorvan', '83c66b94a99900e92c122dbb8433ab31', '2014-03-27'),
(183, 'lianggaoding', 'fe2a49d4e463df7f26ca8232abc91ba0', '2014-03-27'),
(184, 'Mingo', '1684fa12dabf18c963caa814f9fe5fe9', '2014-03-27'),
(185, '253173968', '1c3431f7a653f7695e3d309f021bfb53', '2014-03-27'),
(186, 'alexxue', '2d581ffcde793663f0b266a6586c2fd4', '2014-03-27'),
(187, 'lkz1991', '21f12d64bafbb479ddfd4a3c9f568d27', '2014-03-27'),
(188, 'l.xuyang', '64af9dab011003ce760efc076819c5e7', '2014-03-27'),
(189, 'jianjie', 'c83394b6a4515e10011314d58fbdbebd', '2014-03-27'),
(190, '王祎', 'e2f53dca51e8a6981c79c1671e4917af', '2014-03-27'),
(191, '刘瑞婷', '88765233ee0d932fb03c6efdda4d2bdb', '2014-03-27'),
(192, '707453530', '78abfa9fc1bd01e8c9a929f316c2a0c6', '2014-03-27'),
(193, 'a66813656', '20b24c45b2fa67c53396ded81b2d6561', '2014-03-27'),
(194, 'lyslxydxm', 'a421256b5992d7ae592cea1b7dc26915', '2014-03-27'),
(195, '', '', '2014-03-27'),
(196, 'hippomirror', '2ac43be1d5f5d3457ee52dbe33f846f0', '2014-03-27'),
(197, '刺客03', '05294be364bdc8034333ed030d4b9b7e', '2014-03-27'),
(198, 'is88562498', '5583413443164b56500def9a533c7c70', '2014-03-27'),
(199, '梁雪莲', '68e422830b0cc010366edf238959d30b', '2014-03-27'),
(200, '', '', '2014-03-27'),
(201, '张昱', '78f0cb76167c7914747f019122a3c911', '2014-03-27'),
(202, 'aizhunimei', '96267130dd25bac7bba51a56303fa5f5', '2014-03-27'),
(203, 'Yuhan', '0d54b56456a2de6f7c2daf8f3afaf6c4', '2014-03-27'),
(204, 'LLW', '3a3603689710658b785480eebc277b83', '2014-03-27'),
(205, 'daijianqq', '4feb701726d78dc331506b37722ef5c9', '2014-03-27'),
(206, 'zhongcaixia', 'e4cfa4390e6fa33550867fec0162c539', '2014-03-27'),
(207, '风神', '1ca6b6d587d9b2d7bfffc7a81473d67f', '2014-03-27'),
(208, 'ssLawyer', '4ebf0df2cd579c07070661bc2a8971e7', '2014-03-27'),
(209, '谢汝妍', '3423a8a4ddd07fb2766d7b62555db948', '2014-03-27'),
(210, 'leeming87v5', 'a0f0ee4f65f56126f9f36b66021b6fb6', '2014-03-27'),
(211, 'chamfort', '7bfdf72d51280100b0aae7fb778a3385', '2014-03-27'),
(212, '201030560318', 'e28274461856d9326879623c8154be1f', '2014-04-03'),
(213, 'supernova', '89d31da63b63919db3a2f0399e574a9e', '2014-04-04'),
(214, 'zhmmerry', 'deb9359821df5c34cd7a7224fd31a666', '2014-04-05'),
(215, 'tanrunj', '3d186804534370c3c817db0563f0e461', '2014-04-06'),
(216, 'lufee999', 'd1039a1af3c6065ff76b804cee79f4b6', '2014-04-06');

/*!40101 SET CHARACTER_SET_CLIENT=@OLD_CHARACTER_SET_CLIENT */;
/*!40101 SET CHARACTER_SET_RESULTS=@OLD_CHARACTER_SET_RESULTS */;
/*!40101 SET COLLATION_CONNECTION=@OLD_COLLATION_CONNECTION */;
